Age,Gender,ScreenTime,Exercise,Stress,Caffeine,Noise,SleepHours,SleepQuality
56,Male,4.12,104,9.34,100,33,7.082,Moderate
69,Female,1.89,86,9.66,150,53,7.216,Moderate
46,Female,1.71,44,5.58,250,53,7.040000000000001,Moderate
32,Male,3.19,22,5.08,200,44,6.6739999999999995,Moderate
60,Female,4.56,113,3.51,250,23,7.367,Moderate
25,Female,3.39,27,9.63,250,45,6.129,Moderate
38,Female,0.68,106,2.29,50,35,8.595,Good
56,Male,5.28,110,6.22,0,29,7.422000000000001,Moderate
36,Female,0.86,56,3.54,0,21,8.034,Good
40,Female,5.76,25,3.51,250,54,6.247,Moderate
28,Male,0.64,24,4.64,150,38,7.348,Moderate
28,Male,4.32,53,9.99,0,25,6.667000000000001,Moderate
41,Female,0.95,28,1.49,250,38,7.441,Moderate
53,Female,5.51,82,6.21,0,27,7.0969999999999995,Moderate
57,Male,3.05,96,1.74,150,33,7.875999999999999,Good
41,Male,1.26,35,2.39,200,29,7.459,Moderate
20,Female,2.37,13,4.96,250,22,6.659999999999999,Moderate
39,Female,1.41,77,5.59,100,57,7.729,Good
19,Female,1.44,34,3.33,100,48,7.518999999999999,Good
41,Female,5.71,29,3.85,250,34,6.263,Moderate
61,Male,2.95,91,1.78,50,42,8.042,Good
47,Female,4.84,16,3.73,200,42,6.419,Moderate
55,Female,4.02,66,9.7,50,37,6.7860000000000005,Moderate
19,Male,4.22,79,9.5,100,38,6.795999999999999,Moderate
38,Female,1.22,109,4.01,150,47,8.145,Good
50,Male,1.79,29,6.14,250,45,6.8180000000000005,Moderate
29,Female,4.83,115,9.19,0,29,7.265000000000001,Moderate
39,Female,5.84,92,1.06,100,23,7.446,Moderate
61,Male,1.94,44,8.3,200,21,6.822,Moderate
42,Male,1.99,78,9.54,100,22,7.228000000000001,Moderate
66,Female,3.1,109,1.82,200,26,7.888,Good
44,Female,5.91,119,2.45,200,35,7.3629999999999995,Moderate
59,Female,1.98,88,9.65,250,50,7.019,Moderate
45,Male,2.74,50,5.84,200,29,6.968,Moderate
33,Female,5.4,101,1.13,50,38,7.7170000000000005,Good
32,Male,0.52,105,3.32,150,47,8.314,Good
64,Male,0.72,46,5.05,100,36,7.611,Good
68,Female,3.82,52,7.24,150,47,6.732,Moderate
61,Male,5.49,63,7.6,0,38,6.772,Moderate
69,Female,1.81,117,9.96,100,56,7.611999999999999,Good
20,Female,3.08,115,3.59,150,42,7.875000000000001,Good
54,Female,2.98,37,5.84,150,39,6.890000000000001,Moderate
68,Female,3.1,63,5.8,250,32,6.93,Moderate
24,Female,3.92,86,4.65,250,32,7.111000000000001,Moderate
38,Male,3.08,88,2.52,0,30,8.012,Good
26,Male,2.96,105,9.8,200,34,7.077999999999999,Moderate
56,Female,3.11,6,8.68,100,36,6.369999999999999,Moderate
35,Female,3.75,21,5.48,250,47,6.412,Moderate
21,Male,3.45,80,6.43,100,38,7.2669999999999995,Moderate
42,Male,5.2,81,3.05,0,23,7.465,Moderate
31,Male,0.77,112,5.89,250,41,7.876999999999999,Good
67,Male,5.08,40,7.25,250,41,6.159000000000001,Moderate
26,Female,5.14,73,5.64,200,56,6.7379999999999995,Moderate
43,Female,2.07,9,9.91,100,58,6.485,Moderate
19,Male,3.05,56,6.5,100,53,7.099999999999999,Moderate
37,Female,2.91,6,4.34,100,52,6.843999999999999,Moderate
45,Male,1.7,111,7.95,200,59,7.575,Good
64,Female,2.68,49,2.53,250,52,7.2010000000000005,Moderate
24,Male,0.74,101,4.46,0,31,8.416,Good
61,Female,2.03,90,4.12,100,21,7.882000000000001,Good
25,Male,4.99,51,4.89,150,47,6.723,Moderate
64,Male,2.07,32,8.04,200,29,6.702,Moderate
52,Female,5.0,0,5.36,50,41,6.364000000000001,Moderate
31,Male,3.42,107,8.15,0,36,7.571,Good
34,Female,5.34,52,6.19,150,45,6.533,Moderate
53,Female,3.66,59,4.08,100,22,7.249999999999999,Moderate
67,Male,0.66,33,8.29,50,26,7.269000000000001,Moderate
57,Female,4.21,3,3.14,0,27,6.874,Moderate
21,Female,0.75,16,3.02,200,39,7.308,Moderate
19,Female,2.98,3,5.54,50,31,6.78,Moderate
23,Female,5.61,42,3.35,250,54,6.463,Moderate
59,Female,1.41,117,1.08,50,36,8.680000000000001,Good
21,Male,2.64,89,6.83,150,47,7.379,Moderate
46,Female,4.51,3,5.6,0,29,6.5680000000000005,Moderate
35,Female,5.35,0,5.01,150,41,6.129,Moderate
43,Female,4.19,70,9.7,150,57,6.5920000000000005,Moderate
61,Female,1.92,93,6.14,100,52,7.731999999999999,Good
51,Female,4.21,49,8.77,200,41,6.3709999999999996,Moderate
27,Male,2.13,72,2.26,50,56,7.968,Good
53,Female,4.45,60,6.12,0,32,7.097999999999999,Moderate
31,Male,5.75,34,8.81,250,46,5.808999999999999,Poor
48,Male,4.47,7,6.25,200,34,6.151,Moderate
65,Male,5.25,23,7.46,200,41,6.034000000000001,Moderate
32,Male,0.51,82,4.35,0,49,8.283,Good
25,Female,4.45,35,1.83,200,59,6.876999999999999,Moderate
31,Male,5.06,49,5.12,100,56,6.765999999999999,Moderate
40,Male,0.72,115,4.55,200,53,8.151,Good
57,Female,5.29,42,8.8,100,53,6.282,Moderate
38,Female,1.91,26,3.2,50,54,7.458,Moderate
33,Female,4.16,31,9.7,50,38,6.408,Moderate
62,Male,4.9,77,9.62,150,27,6.528,Moderate
35,Female,4.14,17,3.23,100,58,6.818999999999999,Moderate
64,Female,1.01,27,4.13,250,52,7.154999999999999,Moderate
41,Male,3.78,28,9.06,50,47,6.518,Moderate
43,Female,3.52,15,9.7,200,56,6.0760000000000005,Moderate
42,Female,5.45,98,4.99,0,44,7.391,Moderate
62,Female,2.72,46,3.89,0,55,7.526999999999999,Good
58,Female,2.27,58,5.73,100,36,7.353,Moderate
46,Male,4.62,30,7.19,250,43,6.156999999999999,Moderate
32,Female,2.77,3,3.46,150,40,6.83,Moderate
62,Female,4.05,36,7.63,200,21,6.387,Moderate
18,Male,4.06,16,1.46,100,50,7.002,Moderate
42,Female,5.38,38,1.44,0,52,7.159999999999999,Moderate
24,Male,3.79,47,4.48,100,49,7.063999999999999,Moderate
26,Female,3.26,45,4.18,200,31,6.9799999999999995,Moderate
41,Male,1.26,89,3.84,250,31,7.754,Good
18,Male,1.14,47,5.42,250,43,7.2,Moderate
61,Male,1.35,38,3.89,50,43,7.621,Good
25,Male,1.45,104,2.73,200,30,8.077,Good
41,Female,4.01,3,3.79,50,32,6.749000000000001,Moderate
28,Male,4.58,29,9.77,50,46,6.297,Moderate
68,Female,3.41,29,4.7,50,27,7.038,Moderate
34,Male,5.06,21,5.0,100,29,6.497999999999999,Moderate
25,Male,5.95,74,6.19,0,27,6.931,Moderate
52,Male,5.01,65,9.85,250,39,6.163,Moderate
52,Female,4.32,107,3.17,100,27,7.689,Good
50,Male,3.43,11,7.13,0,28,6.711,Moderate
22,Female,2.97,93,7.44,250,26,7.092,Moderate
59,Female,0.96,35,6.47,200,33,7.110999999999999,Moderate
56,Female,2.7,17,1.8,250,47,6.95,Moderate
58,Female,5.51,89,7.09,250,21,6.579,Moderate
45,Female,4.94,52,1.58,250,27,6.873999999999999,Moderate
24,Female,1.69,70,6.37,150,32,7.425000000000001,Moderate
26,Female,3.07,0,7.66,200,40,6.22,Moderate
25,Female,4.99,57,2.9,100,47,7.082,Moderate
29,Female,0.87,89,8.57,100,54,7.658999999999999,Good
51,Male,2.63,86,1.27,0,42,8.207,Good
50,Male,5.19,89,8.59,100,34,6.792999999999999,Moderate
65,Male,2.72,108,5.14,50,21,7.921999999999999,Good
40,Male,0.93,5,2.96,250,31,7.068,Moderate
41,Male,3.48,69,2.2,100,55,7.574000000000001,Good
54,Female,5.24,43,9.58,0,22,6.4239999999999995,Moderate
52,Female,3.75,71,1.65,0,24,7.795,Good
61,Female,1.74,23,2.79,50,22,7.503000000000001,Good
57,Female,2.61,85,4.13,0,38,7.914999999999999,Good
39,Female,2.98,18,6.58,150,21,6.6259999999999994,Moderate
44,Female,3.69,100,5.9,250,56,7.172000000000001,Moderate
52,Female,4.68,17,2.13,250,36,6.521,Moderate
18,Male,1.04,94,3.61,250,33,7.871,Good
52,Male,5.39,100,3.15,200,47,7.206999999999999,Moderate
54,Male,0.57,29,2.92,100,46,7.684,Good
64,Male,2.54,41,4.7,150,29,7.132000000000001,Moderate
31,Female,0.65,32,7.34,100,22,7.256,Moderate
20,Female,2.66,73,2.96,150,55,7.601999999999999,Good
18,Female,3.39,100,4.3,100,57,7.692,Good
22,Male,3.31,11,4.52,50,44,6.896000000000001,Moderate
43,Female,1.41,117,9.79,0,41,7.909,Good
31,Female,4.05,93,9.59,0,58,7.161,Moderate
56,Female,0.75,26,8.2,50,49,7.1899999999999995,Moderate
44,Male,4.69,38,3.17,150,40,6.824999999999999,Moderate
26,Female,5.71,8,1.61,200,49,6.376999999999999,Moderate
32,Male,2.37,117,3.85,150,47,8.011,Good
32,Male,3.34,20,3.4,0,50,7.192,Moderate
43,Male,2.58,75,5.55,200,45,7.279,Moderate
59,Male,0.54,118,8.0,100,41,8.072000000000001,Good
30,Female,2.62,28,8.72,200,40,6.484,Moderate
68,Male,4.85,32,8.6,150,20,6.19,Moderate
49,Male,3.78,106,4.24,50,56,7.779999999999999,Good
56,Female,1.06,61,7.19,100,32,7.479,Moderate
66,Female,5.16,116,3.82,150,40,7.446000000000001,Moderate
69,Male,3.42,14,1.55,100,28,7.100999999999999,Moderate
49,Female,5.13,1,7.31,200,36,5.853,Poor
21,Male,3.69,51,1.09,0,40,7.663,Good
47,Male,3.58,102,4.68,150,50,7.5360000000000005,Good
54,Male,1.08,116,3.96,50,58,8.448,Good
40,Male,1.42,43,7.24,200,41,7.021999999999999,Moderate
56,Female,5.85,53,7.9,150,31,6.2700000000000005,Moderate
62,Male,1.76,17,3.74,50,25,7.344,Moderate
32,Female,5.88,2,8.3,150,35,5.7139999999999995,Poor
60,Female,3.43,6,3.65,200,45,6.608999999999999,Moderate
46,Female,1.25,42,5.02,150,24,7.368,Moderate
53,Female,1.05,81,7.54,100,28,7.646,Good
30,Male,1.65,107,7.24,200,59,7.616,Good
49,Female,5.59,37,9.89,150,33,5.963,Poor
24,Male,2.78,36,3.03,0,49,7.501,Good
68,Female,2.67,57,6.96,150,45,7.040000000000001,Moderate
39,Female,2.22,32,6.49,100,48,7.027,Moderate
45,Male,1.31,107,9.24,50,38,7.784,Good
19,Male,3.18,58,2.41,50,27,7.603000000000001,Good
59,Male,1.22,94,7.77,50,42,7.819000000000001,Good
62,Female,5.1,10,6.11,0,54,6.469,Moderate
23,Female,2.54,67,3.47,100,50,7.614999999999999,Good
45,Male,2.56,81,5.27,200,54,7.370999999999999,Moderate
45,Male,3.11,67,4.0,50,51,7.548,Good
61,Male,2.94,112,6.21,100,24,7.711,Good
61,Male,5.97,97,9.0,150,35,6.576,Moderate
37,Female,3.5,92,6.12,0,36,7.608,Good
47,Male,0.99,87,6.69,100,51,7.802999999999998,Good
28,Male,3.84,21,5.67,100,57,6.675,Moderate
45,Male,1.33,65,1.46,200,51,7.837999999999999,Good
42,Male,0.67,43,3.1,100,39,7.785999999999999,Good
56,Female,5.84,5,5.43,200,21,5.938999999999999,Poor
50,Male,4.75,41,3.79,0,39,7.0809999999999995,Moderate
18,Female,5.89,24,2.64,0,37,6.798,Moderate
44,Male,3.13,118,5.54,150,20,7.699999999999999,Good
69,Male,3.43,56,3.91,200,48,7.083,Moderate
30,Female,1.43,84,3.32,200,48,7.822000000000001,Good
58,Male,1.86,54,5.18,50,38,7.550000000000001,Good
20,Female,5.11,15,2.2,50,59,6.808000000000001,Moderate
56,Female,2.46,94,9.35,150,25,7.213,Moderate
23,Male,5.05,13,8.81,0,58,6.239,Moderate
25,Female,4.4,38,7.37,250,27,6.263,Moderate
44,Female,1.47,27,1.96,50,43,7.6800000000000015,Good
26,Female,3.29,95,7.98,100,39,7.294,Moderate
54,Female,4.23,91,8.27,0,33,7.237,Moderate
50,Female,1.79,50,7.91,250,24,6.851,Moderate
68,Female,5.07,118,2.03,100,59,7.762999999999999,Good
59,Female,3.5,48,6.8,200,53,6.699999999999999,Moderate
61,Female,1.41,8,8.51,0,35,6.947,Moderate
41,Male,3.71,57,6.2,150,26,6.908,Moderate
32,Male,6.0,44,6.82,200,35,6.1579999999999995,Moderate
49,Female,1.33,21,5.13,200,26,7.031,Moderate
49,Male,4.99,31,5.76,100,46,6.536,Moderate
41,Female,1.64,68,1.31,200,33,7.821,Good
58,Female,4.8,86,6.75,50,33,7.125000000000001,Moderate
69,Male,4.54,68,1.73,0,52,7.598999999999999,Good
66,Female,2.15,41,4.92,50,52,7.388000000000001,Moderate
66,Female,2.29,52,3.63,100,39,7.499,Moderate
69,Female,4.86,95,5.91,250,55,6.887,Moderate
29,Female,3.04,58,2.2,100,26,7.552,Good
56,Male,4.52,73,7.22,0,51,7.104000000000001,Moderate
19,Female,1.31,38,8.16,200,22,6.901999999999999,Moderate
20,Female,5.19,14,2.47,150,58,6.555,Moderate
66,Female,4.41,70,1.94,100,48,7.424,Moderate
54,Male,5.49,28,2.31,0,43,6.9510000000000005,Moderate
66,Female,1.23,110,8.89,150,41,7.665,Good
34,Male,3.76,2,5.75,200,25,6.292999999999999,Moderate
66,Male,3.8,82,5.21,250,43,7.039000000000001,Moderate
19,Female,2.44,9,1.96,100,59,7.206,Moderate
19,Female,3.02,91,6.85,250,42,7.121,Moderate
45,Male,0.71,28,8.81,0,57,7.257,Moderate
40,Female,4.6,78,8.45,250,29,6.515000000000001,Moderate
54,Male,3.52,34,6.63,250,35,6.473,Moderate
49,Male,0.82,5,1.68,0,30,7.718,Good
50,Female,4.24,11,2.01,0,51,7.061000000000001,Moderate
18,Female,3.07,110,1.44,100,25,8.142000000000001,Good
36,Male,0.69,37,3.32,250,43,7.4,Moderate
19,Male,5.83,76,2.22,150,52,7.071999999999999,Moderate
61,Male,5.72,92,3.34,0,31,7.442,Moderate
43,Male,3.32,18,4.47,200,46,6.669,Moderate
49,Female,1.02,66,9.49,250,57,7.007000000000001,Moderate
23,Female,4.65,7,6.49,0,37,6.4910000000000005,Moderate
49,Female,3.21,7,8.51,150,58,6.277,Moderate
21,Female,2.16,118,7.39,100,32,7.809,Good
28,Female,3.2,83,2.01,250,59,7.489,Moderate
34,Male,3.37,46,7.62,0,49,7.024,Moderate
55,Female,3.59,3,3.48,0,32,6.964,Moderate
41,Female,2.93,50,6.75,200,53,6.8389999999999995,Moderate
22,Female,3.83,84,4.07,200,55,7.2669999999999995,Moderate
69,Female,5.55,66,9.98,250,49,6.052,Moderate
51,Female,2.49,44,3.37,0,44,7.605,Good
23,Male,4.49,7,3.51,250,21,6.321000000000001,Moderate
39,Male,5.42,86,9.38,0,55,6.838,Moderate
28,Male,3.01,15,1.22,200,37,7.026,Moderate
65,Female,2.94,76,7.27,150,24,7.145,Moderate
33,Male,3.81,66,7.53,50,38,7.045,Moderate
50,Male,3.75,111,8.53,50,37,7.407000000000001,Moderate
26,Female,4.94,8,9.77,0,51,6.114999999999999,Moderate
23,Female,3.12,59,9.78,200,40,6.587999999999999,Moderate
33,Female,5.98,77,1.59,100,29,7.215000000000001,Moderate
46,Male,0.83,76,8.4,100,56,7.553999999999999,Good
20,Male,0.52,116,6.82,50,41,8.274,Good
37,Female,4.02,70,6.83,150,32,6.913,Moderate
53,Female,2.14,14,2.16,50,36,7.396,Moderate
36,Male,1.82,70,6.85,0,28,7.651000000000001,Good
43,Male,2.22,101,9.84,150,43,7.282,Moderate
20,Female,1.91,97,9.21,100,33,7.467,Moderate
36,Female,0.67,40,4.95,200,27,7.3709999999999996,Moderate
37,Male,5.84,21,1.36,200,56,6.505999999999999,Moderate
49,Female,1.71,23,4.26,0,38,7.462000000000001,Moderate
24,Male,4.54,112,8.44,50,47,7.268,Moderate
69,Male,4.69,100,7.31,0,49,7.3309999999999995,Moderate
58,Male,5.61,43,5.13,200,26,6.395,Moderate
50,Male,0.67,0,1.5,100,45,7.515999999999999,Good
57,Female,5.3,9,4.84,200,59,6.145999999999999,Moderate
56,Female,3.4,106,5.22,150,30,7.558000000000001,Good
35,Male,3.98,79,9.36,250,33,6.558,Moderate
57,Male,4.04,109,6.77,200,40,7.205,Moderate
18,Male,5.01,71,3.8,200,27,6.928,Moderate
28,Male,2.33,55,5.73,250,22,7.010999999999999,Moderate
45,Male,4.53,112,1.59,150,47,7.755,Good
42,Female,3.41,88,9.75,50,48,7.123,Moderate
67,Female,4.86,49,4.24,200,42,6.693999999999999,Moderate
40,Female,5.95,11,5.3,0,37,6.39,Moderate
48,Female,1.6,88,4.2,200,54,7.74,Good
47,Male,5.97,80,7.14,0,32,6.892,Moderate
59,Male,0.99,59,6.96,150,31,7.396,Moderate
52,Male,0.51,25,7.44,200,24,7.004,Moderate
24,Male,0.74,109,3.41,150,58,8.301,Good
33,Male,2.38,111,3.84,150,30,7.95,Good
43,Female,3.98,77,2.13,50,30,7.661,Good
65,Male,0.88,40,6.9,200,50,7.1339999999999995,Moderate
69,Female,0.53,35,1.36,0,50,8.108,Good
66,Female,5.65,22,6.38,0,32,6.452,Moderate
19,Female,5.02,42,8.83,200,33,6.133,Moderate
18,Female,4.95,5,9.02,250,44,5.6579999999999995,Poor
65,Male,5.36,110,5.04,50,52,7.4239999999999995,Moderate
29,Female,4.35,68,5.13,50,52,7.197,Moderate
22,Female,1.07,42,1.69,50,34,7.937000000000001,Good
54,Female,2.7,24,7.04,0,35,6.996,Moderate
49,Male,4.48,17,8.39,150,57,6.135,Moderate
26,Male,2.04,61,3.2,250,25,7.382,Moderate
58,Male,4.28,12,4.79,50,44,6.6850000000000005,Moderate
52,Female,0.63,42,8.55,0,34,7.438999999999999,Moderate
36,Female,2.18,77,8.89,0,23,7.445,Moderate
65,Male,3.52,27,3.19,150,23,6.947,Moderate
33,Female,3.98,17,5.96,200,49,6.377999999999999,Moderate
20,Male,3.67,58,2.73,200,53,7.173,Moderate
37,Male,4.34,59,1.92,50,46,7.43,Moderate
41,Female,0.53,62,9.2,50,50,7.494000000000001,Moderate
50,Female,1.06,56,8.38,250,51,7.01,Moderate
41,Female,5.28,91,7.84,150,58,6.7700000000000005,Moderate
69,Female,4.25,50,1.44,50,28,7.406000000000001,Moderate
28,Male,1.12,55,8.59,150,27,7.167,Moderate
66,Male,5.13,26,4.94,0,33,6.74,Moderate
25,Male,1.83,31,4.08,50,52,7.436,Moderate
53,Male,3.13,110,5.92,0,42,7.882,Good
55,Male,1.3,8,1.82,100,40,7.438,Moderate
57,Female,4.41,103,7.81,150,31,7.067000000000001,Moderate
37,Male,4.17,95,6.24,100,21,7.292,Moderate
52,Male,1.66,83,2.68,50,32,8.13,Good
65,Male,5.25,91,2.69,0,23,7.591,Good
42,Female,2.71,96,2.66,50,39,8.052000000000001,Good
52,Female,2.11,67,1.51,100,33,7.897000000000001,Good
42,Female,1.34,45,6.29,50,49,7.453,Moderate
46,Female,1.96,97,8.56,250,48,7.2219999999999995,Moderate
35,Male,0.62,111,1.16,200,27,8.47,Good
63,Male,3.71,66,1.44,100,31,7.574,Good
35,Female,5.13,25,6.15,50,57,6.509,Moderate
19,Female,3.52,7,8.38,0,45,6.5280000000000005,Moderate
52,Male,1.71,5,3.94,50,21,7.214,Moderate
33,Male,0.69,79,4.15,0,59,8.237,Good
58,Female,1.68,23,6.37,200,33,6.856999999999999,Moderate
53,Female,2.79,47,3.47,50,25,7.465,Moderate
50,Female,4.68,102,1.24,200,59,7.5600000000000005,Good
21,Female,1.53,93,7.62,100,50,7.662,Good
50,Male,4.46,44,6.63,0,36,6.885,Moderate
31,Male,5.27,12,6.23,250,44,5.943,Poor
38,Male,3.0,68,7.68,100,51,7.112,Moderate
65,Female,5.02,24,7.08,0,31,6.5280000000000005,Moderate
37,Female,3.55,19,2.85,200,32,6.795,Moderate
25,Male,4.0,117,4.17,150,38,7.6530000000000005,Good
24,Male,3.39,81,2.13,50,44,7.819000000000001,Good
20,Male,3.05,110,2.17,200,50,7.872999999999999,Good
34,Male,1.79,81,7.09,0,56,7.743,Good
50,Female,2.17,65,8.73,0,44,7.343,Moderate
65,Male,2.09,73,9.66,0,35,7.346,Moderate
29,Male,3.6,118,6.66,0,57,7.794,Good
68,Male,1.16,44,2.66,50,42,7.8420000000000005,Good
39,Male,5.54,113,1.95,100,33,7.626999999999999,Good
39,Male,4.46,46,8.32,250,25,6.236,Moderate
63,Male,2.71,62,6.21,150,44,7.157,Moderate
47,Male,1.37,75,6.56,50,42,7.720000000000001,Good
55,Female,5.35,110,8.03,0,31,7.227,Moderate
55,Female,5.03,76,7.33,50,32,6.920999999999999,Moderate
62,Female,4.47,113,8.51,200,55,6.984999999999999,Moderate
68,Female,1.99,110,1.51,250,58,8.051,Good
25,Male,2.71,54,7.73,0,53,7.2250000000000005,Moderate
44,Female,1.07,74,8.66,150,25,7.36,Moderate
44,Female,1.54,18,3.58,0,57,7.514,Good
51,Male,4.81,34,6.76,250,59,6.202,Moderate
38,Male,4.43,102,3.83,150,27,7.451,Moderate
47,Female,3.76,52,9.62,250,27,6.306000000000001,Moderate
50,Female,5.43,25,1.3,150,59,6.734,Moderate
45,Male,3.71,109,6.22,100,52,7.526,Good
64,Female,3.07,13,2.5,100,53,7.066,Moderate
50,Male,2.37,117,7.41,50,34,7.855,Good
22,Male,5.67,44,2.58,50,55,6.948,Moderate
65,Male,0.95,43,3.12,150,54,7.627999999999999,Good
36,Male,5.62,87,5.45,0,41,7.201,Moderate
21,Female,5.05,104,9.23,200,42,6.707,Moderate
52,Male,1.21,64,2.91,200,59,7.706999999999999,Good
66,Male,3.61,50,2.3,0,41,7.548,Good
34,Female,5.27,42,7.83,0,24,6.582999999999999,Moderate
61,Male,3.64,118,5.51,100,50,7.701,Good
45,Female,5.49,85,9.21,200,32,6.430999999999999,Moderate
47,Female,5.69,22,2.32,150,47,6.55,Moderate
46,Female,2.82,55,6.81,250,39,6.805,Moderate
63,Male,2.58,117,3.1,50,52,8.244,Good
23,Female,5.65,18,2.41,250,35,6.309,Moderate
52,Female,4.21,81,7.15,100,48,7.053,Moderate
58,Male,1.14,75,6.34,200,42,7.4879999999999995,Moderate
54,Female,0.73,54,7.79,0,43,7.615,Good
41,Female,3.61,91,3.79,200,53,7.409000000000001,Moderate
46,Female,5.62,91,5.03,150,26,6.983,Moderate
66,Female,5.14,59,4.65,100,57,6.896999999999999,Moderate
63,Female,4.22,58,9.86,0,56,6.75,Moderate
48,Male,1.27,32,3.63,250,23,7.203000000000001,Moderate
52,Female,1.9,18,3.65,150,53,7.135,Moderate
50,Female,5.32,27,4.19,250,41,6.286999999999999,Moderate
69,Male,1.51,51,6.08,50,24,7.5,Good
38,Male,2.03,48,3.27,100,42,7.547,Good
49,Male,1.21,36,9.24,150,34,6.894,Moderate
40,Female,4.22,25,3.39,150,50,6.7669999999999995,Moderate
50,Male,5.69,98,9.06,250,28,6.436,Moderate
20,Female,1.98,97,1.93,0,44,8.381,Good
35,Female,3.11,98,6.91,50,44,7.567,Good
42,Male,3.99,39,9.16,250,40,6.175999999999999,Moderate
59,Male,6.0,79,2.52,150,28,7.038,Moderate
48,Female,1.08,37,9.71,100,57,6.983,Moderate
20,Male,3.24,76,5.08,150,41,7.304,Moderate
57,Female,2.62,86,9.51,200,42,6.985,Moderate
63,Male,5.26,53,7.09,100,23,6.569000000000001,Moderate
41,Male,3.12,21,3.71,100,48,7.014999999999999,Moderate
67,Male,1.11,15,2.69,150,34,7.359,Moderate
49,Female,3.99,27,3.73,0,20,7.099,Moderate
64,Male,4.74,111,1.84,100,49,7.778,Good
39,Female,0.52,34,2.29,200,48,7.606999999999999,Good
40,Female,5.22,59,1.94,250,39,6.851999999999999,Moderate
19,Female,1.52,44,4.81,0,52,7.655,Good
44,Female,3.54,45,8.16,0,55,6.926,Moderate
59,Male,2.79,71,2.27,0,41,7.925,Good
19,Female,4.46,107,2.17,100,32,7.761,Good
43,Female,2.54,54,6.79,0,26,7.353,Moderate
34,Male,5.28,118,2.77,150,27,7.547,Good
57,Female,4.52,85,1.88,0,47,7.758,Good
50,Male,4.06,84,2.5,200,28,7.377999999999999,Moderate
26,Female,4.88,25,9.31,50,44,6.243,Moderate
60,Male,4.65,103,8.39,200,35,6.861,Moderate
65,Female,0.7,84,4.19,100,29,8.081000000000001,Good
56,Male,2.67,24,6.9,0,30,7.016,Moderate
46,Female,5.62,104,5.84,0,50,7.332,Moderate
59,Female,1.19,64,7.09,150,31,7.393000000000001,Moderate
43,Male,4.55,5,7.14,250,50,5.925999999999999,Poor
52,Male,5.86,22,6.66,0,33,6.381999999999999,Moderate
67,Male,0.79,114,3.39,200,51,8.242999999999999,Good
42,Male,4.25,63,1.35,100,36,7.445,Moderate
41,Female,3.07,86,5.1,50,54,7.636000000000001,Good
30,Female,3.69,42,9.02,0,20,6.78,Moderate
24,Male,0.97,106,6.13,50,48,8.153,Good
53,Female,0.74,22,8.49,0,23,7.223,Moderate
62,Male,4.17,95,9.92,100,42,6.924,Moderate
37,Male,5.03,29,2.47,250,47,6.537,Moderate
18,Female,4.8,76,7.23,200,35,6.677,Moderate
25,Female,3.49,106,7.07,100,31,7.454999999999999,Moderate
63,Female,1.05,17,9.82,50,40,6.878,Moderate
33,Female,4.28,86,9.87,0,36,7.017,Moderate
31,Female,1.83,78,7.18,50,59,7.596000000000001,Good
29,Female,5.51,96,3.19,200,32,7.138999999999999,Moderate
68,Female,5.11,20,8.19,100,51,6.159,Moderate
40,Male,4.4,56,1.96,50,56,7.384,Moderate
32,Male,5.72,102,8.03,50,34,6.973000000000001,Moderate
45,Male,0.67,22,9.19,200,31,6.766999999999999,Moderate
51,Male,4.55,90,4.45,0,34,7.545,Good
19,Male,2.32,44,6.68,50,53,7.208,Moderate
49,Female,5.48,43,4.87,200,25,6.446999999999999,Moderate
40,Male,1.97,81,4.94,0,36,7.922000000000001,Good
39,Male,4.49,87,3.79,250,39,7.093000000000001,Moderate
68,Male,5.33,114,7.86,0,28,7.287999999999999,Moderate
42,Male,0.73,46,9.43,250,24,6.8709999999999996,Moderate
39,Male,2.69,39,9.47,100,42,6.704999999999999,Moderate
39,Male,4.69,50,2.57,200,52,6.904999999999999,Moderate
66,Male,3.0,41,8.87,0,57,6.923,Moderate
69,Female,1.97,6,7.64,250,33,6.401999999999999,Moderate
59,Female,1.71,49,3.28,250,36,7.32,Moderate
23,Male,1.22,47,1.61,100,38,7.865000000000001,Good
32,Female,5.21,83,3.41,150,52,7.147,Moderate
60,Female,3.66,90,9.21,200,20,6.8469999999999995,Moderate
54,Female,0.92,5,6.7,150,32,6.896,Moderate
50,Female,2.6,90,7.49,0,46,7.631,Good
25,Male,2.52,8,3.31,200,25,6.845,Moderate
61,Female,1.5,116,7.47,100,25,7.912999999999999,Good
61,Female,2.9,108,1.25,0,52,8.375,Good
22,Female,2.33,56,4.38,200,49,7.256,Moderate
56,Male,2.38,30,6.64,200,54,6.76,Moderate
21,Male,4.56,20,2.31,150,42,6.757000000000001,Moderate
23,Male,1.73,89,8.41,0,29,7.702999999999999,Good
62,Male,4.03,39,3.12,100,38,7.071999999999999,Moderate
49,Male,3.64,111,6.87,100,47,7.495,Moderate
69,Male,3.62,44,4.65,0,42,7.251,Moderate
47,Male,4.15,76,6.36,0,23,7.294,Moderate
64,Female,3.52,48,1.97,250,39,7.079000000000001,Moderate
52,Female,5.34,86,1.15,50,38,7.577000000000001,Good
57,Female,4.22,19,9.19,150,46,6.127000000000001,Moderate
69,Male,3.51,100,3.43,0,53,7.955,Good
33,Male,5.06,117,8.38,0,23,7.319999999999999,Moderate
30,Male,3.83,116,9.99,50,57,7.295,Moderate
67,Male,2.1,91,2.9,50,26,8.1,Good
59,Male,1.64,16,3.39,200,26,7.092999999999999,Moderate
47,Female,1.34,27,6.97,100,45,7.1049999999999995,Moderate
36,Female,5.45,40,9.69,150,45,6.041,Moderate
34,Male,4.41,65,9.24,200,38,6.444,Moderate
36,Male,5.66,24,5.53,0,28,6.555000000000001,Moderate
45,Male,3.82,57,8.16,50,39,6.890000000000001,Moderate
43,Male,3.1,113,2.22,250,35,7.788,Good
54,Female,0.83,40,9.8,100,36,7.053999999999999,Moderate
43,Male,4.19,5,9.68,200,41,5.843999999999999,Poor
40,Male,3.7,74,2.47,250,32,7.253,Moderate
26,Male,5.95,37,3.69,100,31,6.611,Moderate
29,Male,1.82,5,1.9,250,29,6.9959999999999996,Moderate
18,Female,3.42,44,3.45,50,20,7.311000000000001,Moderate
18,Male,4.08,74,8.34,200,51,6.6899999999999995,Moderate
64,Male,4.05,13,4.4,200,49,6.479999999999999,Moderate
51,Female,3.59,65,1.8,100,27,7.5520000000000005,Good
49,Female,4.77,39,4.08,250,40,6.528,Moderate
65,Female,1.63,2,9.83,50,41,6.611000000000001,Moderate
42,Male,4.49,118,6.67,0,37,7.615,Good
57,Male,3.91,116,4.75,200,21,7.503,Good
62,Female,5.43,98,2.5,0,28,7.644,Good
18,Female,5.16,96,9.88,50,22,6.84,Moderate
33,Female,2.23,23,8.39,200,45,6.545,Moderate
56,Female,2.02,18,3.53,200,40,7.023,Moderate
22,Female,5.9,17,1.63,250,49,6.327,Moderate
39,Female,3.4,63,1.51,0,47,7.799,Good
46,Male,5.49,112,2.08,250,55,7.314,Moderate
20,Male,1.4,115,6.23,150,45,7.947,Good
29,Male,4.04,87,9.36,0,53,7.126,Moderate
43,Female,4.95,108,5.47,0,27,7.543,Good
33,Female,5.71,34,8.59,150,29,6.039,Moderate
68,Female,2.36,61,5.01,50,33,7.537000000000001,Good
54,Female,4.49,0,7.38,50,59,6.264000000000001,Moderate
39,Female,3.46,99,7.59,200,34,7.138999999999999,Moderate
46,Female,0.83,24,2.57,100,36,7.617,Good
31,Male,4.29,44,4.25,250,37,6.657,Moderate
45,Male,4.3,48,6.74,100,51,6.7459999999999996,Moderate
22,Female,5.62,106,1.64,200,57,7.372,Moderate
64,Male,3.24,97,4.25,100,42,7.697,Good
66,Female,1.77,88,5.81,0,42,7.944999999999999,Good
47,Male,0.75,15,9.97,0,54,7.003,Moderate
63,Female,2.79,97,5.27,150,58,7.585,Good
69,Female,2.16,92,8.34,150,34,7.354,Moderate
22,Male,4.69,18,4.89,200,43,6.352999999999999,Moderate
29,Male,2.45,22,8.17,200,47,6.512999999999999,Moderate
33,Female,5.72,82,6.36,200,35,6.64,Moderate
43,Female,5.79,24,8.98,0,35,6.183999999999999,Moderate
43,Male,3.91,15,4.7,100,59,6.698,Moderate
65,Male,5.61,53,6.44,250,58,6.264,Moderate
38,Female,4.68,114,6.67,200,25,7.137,Moderate
56,Male,3.51,72,4.76,200,21,7.1419999999999995,Moderate
53,Female,1.49,0,2.3,0,32,7.4719999999999995,Moderate
50,Female,3.02,41,1.84,250,28,7.122,Moderate
47,Female,3.58,18,1.15,0,53,7.348999999999999,Moderate
54,Female,5.25,96,8.86,250,36,6.524,Moderate
40,Male,3.15,33,3.13,0,46,7.3870000000000005,Moderate
27,Male,5.44,79,2.9,100,48,7.212,Moderate
22,Male,4.21,107,7.62,200,56,7.065999999999999,Moderate
53,Male,1.25,103,3.88,50,41,8.292,Good
51,Male,5.97,54,5.55,50,43,6.691000000000001,Moderate
69,Male,3.4,17,2.46,200,26,6.843999999999999,Moderate
48,Male,2.66,33,9.64,200,53,6.433999999999999,Moderate
27,Female,4.13,88,8.66,200,31,6.787999999999999,Moderate
36,Male,1.1,44,8.77,200,42,6.9430000000000005,Moderate
49,Male,4.0,5,4.66,250,34,6.284,Moderate
18,Female,3.24,20,7.86,100,52,6.566000000000001,Moderate
22,Male,2.74,69,2.29,50,32,7.813000000000001,Good
62,Male,5.74,95,1.08,150,42,7.394000000000001,Moderate
21,Female,3.37,104,1.18,50,57,8.148,Good
33,Male,1.71,47,6.28,50,51,7.4,Moderate
41,Male,3.02,106,5.1,0,54,7.946,Good
33,Male,5.56,38,5.66,200,20,6.302,Moderate
19,Female,1.47,30,1.07,200,24,7.499,Moderate
66,Male,1.68,105,4.8,200,32,7.834,Good
45,Male,0.57,9,7.46,0,24,7.23,Moderate
49,Female,0.58,29,4.98,100,51,7.476,Moderate
44,Male,5.06,115,7.59,100,40,7.178999999999999,Moderate
37,Female,4.53,17,3.1,150,43,6.653999999999999,Moderate
41,Female,2.45,59,8.32,100,37,7.068,Moderate
29,Male,4.34,87,6.3,100,40,7.172,Moderate
67,Female,2.67,115,2.9,200,29,7.926,Good
52,Female,5.74,72,3.13,250,43,6.759,Moderate
50,Male,5.82,94,6.65,50,59,7.011000000000001,Moderate
50,Female,2.66,14,8.47,100,40,6.560999999999999,Moderate
68,Female,5.2,3,4.74,100,44,6.316,Moderate
60,Male,4.75,62,3.32,0,42,7.338,Moderate
54,Male,2.2,39,8.8,150,41,6.77,Moderate
29,Male,1.78,8,7.02,250,23,6.522,Moderate
20,Female,3.02,108,5.03,0,53,7.973,Good
18,Male,4.8,8,5.39,200,25,6.181,Moderate
50,Female,5.78,25,2.84,50,47,6.71,Moderate
57,Female,4.7,3,6.64,150,50,6.126,Moderate
27,Female,5.2,80,4.23,0,54,7.337,Moderate
60,Female,3.82,15,9.96,100,58,6.1899999999999995,Moderate
61,Female,5.09,14,5.32,100,42,6.39,Moderate
46,Female,4.81,98,5.37,150,25,7.181,Moderate
30,Female,2.57,51,6.09,100,35,7.186999999999999,Moderate
29,Male,3.54,68,9.25,0,21,7.047,Moderate
48,Male,4.93,118,8.21,0,43,7.372999999999999,Moderate
63,Female,0.75,4,5.06,100,36,7.183999999999999,Moderate
19,Female,4.94,19,7.47,100,20,6.255,Moderate
68,Male,1.48,78,6.28,200,25,7.4559999999999995,Moderate
67,Female,3.33,17,5.43,50,24,6.861,Moderate
52,Male,4.95,110,2.73,150,48,7.537,Good
40,Male,1.9,1,5.18,0,31,7.112,Moderate
34,Male,1.85,92,3.21,150,58,7.929000000000001,Good
43,Female,2.72,12,9.23,200,22,6.252999999999999,Moderate
25,Female,5.42,3,4.02,0,20,6.5440000000000005,Moderate
46,Male,0.5,41,9.57,200,46,6.953,Moderate
43,Male,5.46,108,5.8,200,43,7.007999999999999,Moderate
27,Male,1.35,73,6.68,250,38,7.292,Moderate
43,Male,5.95,60,5.89,100,27,6.6209999999999996,Moderate
51,Male,5.75,94,2.16,250,21,7.074,Moderate
68,Female,3.22,104,4.38,150,49,7.658,Good
58,Male,3.32,7,1.89,150,49,6.917000000000001,Moderate
24,Female,3.15,66,6.61,100,58,7.169,Moderate
21,Male,3.99,111,5.02,250,51,7.3100000000000005,Moderate
67,Female,1.0,62,8.0,150,20,7.32,Moderate
62,Female,0.68,109,2.98,250,57,8.156,Good
28,Female,0.82,8,2.48,100,32,7.468,Moderate
46,Female,2.94,93,4.66,0,30,7.8759999999999994,Good
53,Female,2.02,116,9.34,200,29,7.422,Moderate
42,Female,3.92,10,7.39,200,45,6.177,Moderate
38,Male,5.96,98,4.77,250,39,6.811,Moderate
53,Female,2.62,100,5.66,150,36,7.61,Good
27,Male,3.66,41,1.76,250,36,7.002,Moderate
54,Female,2.79,12,9.86,250,23,6.0760000000000005,Moderate
26,Female,5.16,35,7.0,50,24,6.518,Moderate
41,Male,5.46,119,3.57,200,42,7.340999999999999,Moderate
52,Female,5.33,12,6.27,100,29,6.227,Moderate
66,Male,5.86,11,1.99,250,47,6.239,Moderate
52,Male,0.65,36,9.69,50,52,7.1610000000000005,Moderate
65,Male,5.12,73,2.57,50,45,7.349,Moderate
53,Male,4.63,119,6.83,200,48,7.180999999999999,Moderate
35,Female,1.76,72,3.21,200,46,7.647,Good
66,Female,5.76,51,7.46,200,37,6.212,Moderate
56,Male,1.31,70,7.99,100,59,7.438999999999999,Moderate
49,Female,4.24,1,7.06,50,29,6.356,Moderate
41,Female,1.74,117,6.53,150,24,7.869000000000001,Good
40,Male,2.87,55,9.03,100,29,6.872999999999999,Moderate
49,Female,4.46,59,1.71,0,40,7.526999999999999,Good
54,Male,3.6,22,3.98,250,43,6.602,Moderate
29,Male,2.85,102,3.23,200,57,7.7269999999999985,Good
66,Female,2.29,39,9.89,50,22,6.843,Moderate
30,Female,5.12,63,4.5,250,59,6.656,Moderate
40,Female,1.29,102,7.59,100,50,7.803,Good
42,Male,2.87,84,7.16,0,56,7.55,Good
52,Male,5.47,22,2.91,100,21,6.634999999999999,Moderate
58,Female,5.15,28,3.15,100,21,6.734999999999999,Moderate
47,Female,2.71,77,3.53,150,58,7.575,Good
34,Female,4.7,89,4.7,250,53,6.9799999999999995,Moderate
66,Female,5.03,50,3.11,150,39,6.883,Moderate
37,Male,5.39,68,1.18,100,52,7.283999999999999,Moderate
65,Female,3.49,118,8.91,0,23,7.590999999999999,Good
42,Male,1.62,94,9.69,50,30,7.547000000000001,Good
39,Male,1.9,88,4.07,50,24,7.993,Good
30,Female,2.13,30,4.05,250,44,6.968999999999999,Moderate
36,Female,3.77,49,1.06,200,56,7.23,Moderate
66,Female,0.68,19,7.12,200,53,6.942,Moderate
53,Male,4.0,107,8.43,50,28,7.327000000000001,Moderate
29,Female,2.5,54,2.32,100,25,7.608,Good
58,Female,2.12,80,2.44,100,37,7.9319999999999995,Good
36,Male,5.34,108,8.11,150,33,6.901000000000001,Moderate
29,Female,3.03,1,6.55,250,38,6.249,Moderate
26,Male,1.02,24,1.4,150,33,7.596000000000001,Good
24,Female,5.05,12,6.6,200,59,6.05,Moderate
45,Male,0.76,102,3.78,50,36,8.39,Good
31,Female,4.5,91,4.32,100,54,7.377999999999999,Moderate
48,Female,4.76,105,7.93,50,48,7.205,Moderate
69,Male,2.44,118,8.3,0,36,7.862,Good
36,Male,5.04,69,4.6,50,27,7.122,Moderate
64,Female,3.34,66,9.52,0,20,7.04,Moderate
33,Male,3.05,57,4.66,150,55,7.194,Moderate
22,Male,0.75,98,7.95,150,26,7.735,Good
52,Male,2.1,81,5.35,200,24,7.455,Moderate
29,Male,5.62,74,9.08,50,43,6.608,Moderate
42,Female,2.66,117,9.17,50,47,7.621,Good
69,Female,3.51,83,1.79,0,36,7.949,Good
38,Male,3.43,63,9.43,150,56,6.7010000000000005,Moderate
53,Male,3.75,68,8.43,0,39,7.087,Moderate
40,Male,0.84,82,8.12,150,22,7.54,Good
33,Male,2.49,85,2.81,0,56,8.071,Good
56,Female,4.48,58,8.25,150,45,6.559,Moderate
62,Female,1.6,59,8.65,0,34,7.404999999999999,Moderate
59,Male,1.62,82,3.6,150,27,7.835999999999999,Good
56,Male,0.56,110,9.57,250,32,7.531000000000001,Good
31,Male,2.91,61,1.45,0,22,7.883000000000001,Good
48,Female,5.36,15,2.35,50,20,6.743,Moderate
22,Male,0.79,87,5.84,200,28,7.728,Good
52,Female,1.55,104,6.18,250,50,7.611999999999998,Good
40,Male,2.21,67,6.81,250,45,7.047,Moderate
46,Female,4.52,14,1.15,0,36,7.1209999999999996,Moderate
60,Male,4.02,88,9.64,200,53,6.711999999999999,Moderate
28,Female,2.79,107,1.4,50,28,8.272,Good
35,Male,4.67,54,2.29,250,32,6.877,Moderate
64,Male,3.85,34,1.13,50,24,7.357000000000001,Moderate
29,Male,5.43,54,6.1,150,32,6.544,Moderate
26,Female,5.0,13,9.39,200,20,5.7909999999999995,Poor
27,Male,1.89,48,6.99,100,44,7.203,Moderate
61,Female,1.99,82,8.4,150,23,7.282000000000001,Moderate
34,Female,1.19,101,1.12,200,55,8.26,Good
55,Male,2.35,99,5.88,0,29,7.932,Good
24,Male,6.0,6,5.14,0,47,6.345999999999999,Moderate
63,Male,2.73,29,5.49,50,25,7.095,Moderate
30,Female,1.71,82,1.65,250,46,7.813000000000001,Good
57,Male,4.69,48,7.16,100,31,6.625999999999999,Moderate
59,Female,3.48,88,5.53,0,22,7.631,Good
26,Female,1.32,15,7.89,200,52,6.697,Moderate
67,Male,2.59,110,5.37,250,29,7.545,Good
44,Male,2.78,117,2.34,250,50,7.879999999999999,Good
19,Male,4.65,103,6.83,200,34,7.017,Moderate
22,Male,0.61,50,2.55,250,26,7.623000000000001,Good
46,Male,1.98,71,8.85,0,55,7.429,Moderate
54,Male,3.35,81,6.52,200,33,7.087999999999999,Moderate
55,Female,1.98,91,2.41,200,33,7.872999999999999,Good
36,Female,3.96,79,9.66,50,22,6.932,Moderate
25,Female,3.15,115,5.67,100,22,7.752999999999999,Good
65,Male,2.49,82,1.66,50,41,8.056,Good
62,Female,5.72,41,6.64,100,38,6.402,Moderate
18,Female,3.98,16,3.28,200,54,6.635999999999999,Moderate
39,Female,1.21,62,8.23,250,31,7.055,Moderate
69,Female,3.58,44,8.36,100,24,6.688,Moderate
34,Female,4.79,76,9.81,200,29,6.420999999999999,Moderate
24,Male,4.4,6,5.52,200,52,6.228,Moderate
42,Male,1.45,26,5.09,50,32,7.361,Moderate
62,Female,5.85,9,7.78,50,54,6.042,Moderate
21,Female,2.97,33,2.19,250,51,7.0169999999999995,Moderate
53,Female,1.37,35,5.92,150,30,7.184,Moderate
23,Male,1.49,24,5.92,0,57,7.3500000000000005,Moderate
48,Male,1.04,5,1.81,150,43,7.361,Moderate
36,Female,4.92,23,4.76,150,54,6.470000000000001,Moderate
61,Male,1.17,17,8.68,250,38,6.568,Moderate
56,Male,1.19,86,8.71,100,25,7.551,Good
44,Female,5.18,5,1.89,250,59,6.325,Moderate
27,Male,2.4,28,1.82,250,54,7.117999999999999,Moderate
43,Male,0.67,24,3.36,200,23,7.369999999999999,Moderate
36,Female,0.79,54,8.87,200,52,7.095,Moderate
56,Male,1.28,80,2.16,200,32,7.927999999999999,Good
20,Male,1.67,45,7.48,0,55,7.368,Moderate
62,Female,4.16,23,1.91,100,38,7.007000000000001,Moderate
30,Male,1.37,74,6.61,100,31,7.6049999999999995,Good
67,Male,1.15,25,4.2,200,30,7.199999999999999,Moderate
45,Female,4.71,114,8.1,150,25,7.087999999999999,Moderate
37,Female,4.19,97,3.1,0,31,7.822,Good
45,Female,2.89,27,6.75,150,46,6.717,Moderate
25,Male,3.52,2,3.12,50,44,6.904,Moderate
58,Female,2.22,74,7.42,100,22,7.354,Moderate
56,Male,3.15,37,8.86,100,22,6.654,Moderate
18,Female,3.29,60,2.14,150,39,7.427999999999999,Moderate
20,Male,2.63,77,8.8,0,47,7.364000000000001,Moderate
30,Female,5.49,50,6.34,100,42,6.568,Moderate
45,Female,0.59,89,2.14,150,22,8.258,Good
66,Female,4.8,47,4.85,250,43,6.5249999999999995,Moderate
42,Female,1.18,20,2.45,250,59,7.219,Moderate
50,Male,4.89,53,7.3,0,25,6.822,Moderate
55,Female,3.89,55,7.83,150,39,6.688999999999999,Moderate
23,Female,5.14,102,1.95,250,30,7.296999999999999,Moderate
61,Male,1.04,93,5.56,0,51,8.166,Good
62,Female,3.57,58,8.33,200,46,6.632999999999999,Moderate
49,Male,3.26,71,9.43,0,40,7.114999999999999,Moderate
62,Female,4.38,50,5.62,50,32,6.962,Moderate
64,Female,3.44,19,9.55,200,41,6.147,Moderate
38,Female,3.47,111,5.82,150,54,7.534000000000001,Good
33,Male,2.86,95,4.55,200,41,7.523,Good
38,Female,2.2,85,8.63,200,47,7.1469999999999985,Moderate
28,Female,3.15,58,5.44,150,40,7.106000000000001,Moderate
54,Female,1.15,70,5.25,150,37,7.645,Good
53,Male,5.79,8,5.41,250,50,5.880999999999999,Poor
52,Male,4.43,108,8.62,50,56,7.232,Moderate
36,Female,5.74,0,8.49,150,40,5.703,Poor
37,Male,1.75,28,4.63,100,33,7.267,Moderate
35,Female,5.34,62,4.0,100,44,6.952,Moderate
64,Female,4.95,71,5.43,50,46,7.077,Moderate
58,Female,4.22,55,6.15,0,59,7.090999999999999,Moderate
66,Female,3.94,117,3.15,0,42,8.067,Good
31,Female,2.24,67,8.15,100,50,7.206999999999999,Moderate
32,Female,4.99,34,5.38,150,48,6.504,Moderate
48,Female,3.26,2,4.01,50,49,6.867,Moderate
18,Male,0.89,117,1.96,0,45,8.796,Good
20,Male,2.22,108,3.15,0,39,8.321,Good
33,Male,5.64,103,9.54,200,57,6.548,Moderate
40,Male,5.18,6,3.75,100,38,6.449,Moderate
28,Male,5.9,26,2.52,150,46,6.5280000000000005,Moderate
29,Male,3.95,0,5.15,50,44,6.595000000000001,Moderate
27,Male,1.86,90,3.76,0,59,8.152,Good
49,Female,1.4,79,1.32,200,57,7.978,Good
33,Female,1.53,101,3.91,100,42,8.113000000000001,Good
25,Female,0.61,70,5.9,100,48,7.788,Good
55,Female,2.65,43,5.97,50,34,7.202999999999999,Moderate
29,Male,1.55,86,4.21,0,22,8.129,Good
41,Male,2.76,40,5.03,50,29,7.245000000000001,Moderate
45,Female,5.64,74,9.69,50,34,6.543,Moderate
25,Female,2.87,41,4.4,250,35,6.896,Moderate
45,Male,5.33,116,3.32,200,36,7.362,Moderate
53,Female,3.83,32,3.19,100,38,7.035,Moderate
43,Female,1.86,49,5.12,250,30,7.106,Moderate
25,Female,2.46,62,7.84,150,24,7.0440000000000005,Moderate
67,Female,0.96,99,2.85,100,24,8.313,Good
45,Male,2.33,36,7.38,100,33,6.9559999999999995,Moderate
45,Female,4.23,104,1.19,200,45,7.674999999999999,Good
54,Female,0.9,58,4.77,150,27,7.623,Good
58,Male,1.63,80,7.98,0,24,7.676,Good
53,Male,2.6,98,4.05,150,26,7.755,Good
44,Female,5.9,47,6.07,0,35,6.683,Moderate
34,Male,4.82,4,2.84,150,33,6.492,Moderate
26,Female,4.53,47,7.68,50,56,6.696,Moderate
50,Female,1.14,95,1.47,150,23,8.274999999999999,Good
37,Male,4.8,2,8.67,250,55,5.693,Poor
30,Female,4.82,115,2.78,250,36,7.4079999999999995,Moderate
45,Female,3.81,46,8.87,200,55,6.410999999999999,Moderate
65,Female,5.95,61,4.17,0,25,7.003,Moderate
46,Female,2.29,98,7.5,100,35,7.572,Good
30,Male,5.68,115,3.87,200,48,7.227,Moderate
63,Male,5.53,13,9.15,250,55,5.609,Poor
52,Female,0.56,62,2.14,250,57,7.793999999999999,Good
23,Male,2.98,111,2.61,0,56,8.253,Good
35,Female,5.87,60,5.44,250,29,6.382,Moderate
68,Female,1.07,30,1.74,250,55,7.411999999999999,Moderate
22,Female,3.51,94,2.76,0,48,7.962,Good
64,Female,5.88,16,9.49,250,33,5.535,Poor
42,Female,3.56,23,9.79,100,23,6.339,Moderate
19,Male,1.54,115,4.39,50,55,8.303,Good
27,Female,3.7,22,9.31,200,32,6.148999999999999,Moderate
47,Male,1.62,81,5.9,100,37,7.696000000000001,Good
67,Male,3.36,49,3.43,100,52,7.275,Moderate
62,Female,0.91,117,7.32,50,40,8.156,Good
22,Female,3.83,77,6.93,200,35,6.911,Moderate
50,Female,3.34,113,9.9,100,34,7.271999999999999,Moderate
18,Female,4.57,78,3.39,250,24,7.027,Moderate
35,Female,3.97,78,7.05,50,25,7.181,Moderate
49,Male,3.52,69,1.47,200,57,7.439,Moderate
64,Female,4.29,26,2.02,150,22,6.8999999999999995,Moderate
66,Female,1.29,14,1.04,0,31,7.778,Good
28,Male,3.77,49,10.0,250,55,6.236000000000001,Moderate
38,Male,1.45,35,8.22,50,52,7.138,Moderate
43,Female,5.59,118,8.08,0,55,7.254,Moderate
42,Male,0.88,7,5.59,150,52,7.035,Moderate
39,Female,2.87,78,3.7,100,50,7.636,Good
44,Male,4.33,2,2.36,100,40,6.718,Moderate
66,Male,3.02,61,3.56,200,46,7.25,Moderate
30,Female,1.01,46,4.38,50,46,7.720000000000001,Good
50,Male,3.54,76,7.81,50,27,7.171,Moderate
51,Male,4.03,104,5.86,200,56,7.247999999999999,Moderate
58,Male,4.37,97,1.7,0,51,7.925999999999999,Good
52,Male,2.55,87,1.16,100,45,8.044,Good
18,Male,3.6,103,1.92,100,21,7.918,Good
38,Male,2.98,95,4.69,50,31,7.785,Good
65,Female,4.2,60,9.4,50,41,6.72,Moderate
23,Female,3.71,31,6.74,200,36,6.493999999999999,Moderate
45,Male,3.39,93,8.22,150,26,7.13,Moderate
34,Female,1.87,115,5.2,0,23,8.256,Good
22,Female,0.51,112,4.25,250,56,8.093,Good
48,Female,1.46,12,1.98,150,57,7.33,Moderate
22,Male,1.14,0,8.88,150,51,6.5840000000000005,Moderate
55,Female,2.97,33,8.05,50,30,6.8309999999999995,Moderate
20,Male,3.87,61,2.51,50,20,7.485,Moderate
40,Female,1.67,78,5.61,50,44,7.785000000000001,Good
54,Male,5.66,107,5.39,150,43,7.099000000000001,Moderate
54,Male,0.54,77,6.63,0,36,7.9990000000000006,Good
27,Female,4.75,92,9.52,50,27,6.918,Moderate
27,Female,3.94,97,6.22,100,46,7.359999999999999,Moderate
36,Male,2.55,81,5.86,0,37,7.714,Good
34,Female,0.78,117,1.45,100,46,8.669,Good
38,Female,3.95,70,1.57,0,41,7.753,Good
31,Female,2.62,92,2.69,50,35,8.027000000000001,Good
26,Male,5.65,118,1.29,250,21,7.420999999999999,Moderate
63,Male,3.48,30,7.69,200,24,6.435,Moderate
18,Female,5.67,63,7.51,50,37,6.645,Moderate
68,Female,1.71,24,2.22,150,22,7.376,Moderate
62,Female,4.49,37,8.52,250,46,6.12,Moderate
30,Male,3.89,13,2.39,150,36,6.813,Moderate
21,Male,4.57,7,3.71,0,35,6.785,Moderate
18,Female,1.68,90,3.24,150,25,7.94,Good
66,Female,4.16,53,4.35,250,26,6.763000000000001,Moderate
57,Female,3.24,1,3.29,250,33,6.533,Moderate
49,Female,4.59,80,5.4,50,57,7.242,Moderate
51,Female,2.3,100,4.67,100,59,7.873,Good
45,Female,5.4,77,9.88,50,34,6.602,Moderate
48,Male,0.96,88,1.5,0,52,8.538,Good
25,Female,4.94,55,2.28,150,46,7.034,Moderate
56,Male,5.24,93,1.48,100,48,7.534,Good
43,Female,4.99,92,6.63,200,56,6.858999999999999,Moderate
51,Female,3.32,83,1.49,250,24,7.5169999999999995,Good
20,Male,2.91,84,8.53,100,48,7.205,Moderate
67,Male,5.98,60,5.61,100,51,6.643,Moderate
29,Male,1.76,116,5.74,50,25,8.134,Good
18,Male,3.51,21,6.05,200,21,6.502999999999999,Moderate
61,Female,4.19,34,2.54,250,25,6.747999999999999,Moderate
22,Male,4.35,100,2.78,0,23,7.852,Good
47,Female,1.62,15,3.87,0,48,7.439,Moderate
47,Male,4.1,49,6.34,100,44,6.835999999999999,Moderate
34,Female,5.0,112,2.89,100,28,7.631,Good
65,Female,0.78,42,2.05,150,22,7.759000000000001,Good
64,Female,5.51,16,9.73,200,45,5.685,Poor
40,Female,0.66,79,1.2,250,46,8.038,Good
32,Female,2.46,57,8.22,100,55,7.056,Moderate
54,Female,0.59,118,8.09,150,51,7.953,Good
38,Male,0.92,1,3.67,200,20,7.058999999999999,Moderate
31,Female,5.51,3,2.22,250,35,6.2059999999999995,Moderate
19,Male,2.45,84,2.31,0,30,8.119,Good
28,Male,2.84,38,7.28,150,45,6.784000000000001,Moderate
68,Female,1.68,97,6.79,200,59,7.554999999999999,Good
56,Male,3.78,93,8.04,150,20,7.069999999999999,Moderate
55,Female,3.77,5,9.44,100,45,6.152,Moderate
51,Male,2.55,80,7.23,50,47,7.4670000000000005,Moderate
55,Female,2.33,102,2.4,0,28,8.314,Good
67,Male,5.37,88,3.19,100,41,7.287,Moderate
51,Female,2.61,68,8.58,100,27,7.099999999999999,Moderate
35,Female,3.21,68,2.88,200,46,7.349999999999999,Moderate
47,Female,2.06,19,1.65,150,58,7.313000000000001,Moderate
32,Female,4.83,63,7.33,0,38,6.931,Moderate
44,Male,2.69,15,4.62,100,44,6.95,Moderate
68,Female,3.32,50,9.28,200,57,6.508,Moderate
51,Male,1.89,104,6.85,0,40,7.976999999999999,Good
69,Male,5.93,36,1.81,150,43,6.6930000000000005,Moderate
55,Male,2.1,103,9.53,100,43,7.457,Moderate
50,Female,4.74,72,3.33,250,38,6.938999999999999,Moderate
41,Male,2.85,68,4.03,100,21,7.506999999999999,Good
32,Male,1.63,41,4.62,100,33,7.422000000000001,Moderate
47,Male,4.9,56,1.46,0,51,7.433999999999999,Moderate
59,Female,2.33,65,5.47,0,51,7.6370000000000005,Good
68,Female,5.26,8,2.11,0,47,6.817,Moderate
34,Male,5.53,106,4.61,0,58,7.493,Moderate
22,Female,5.23,99,4.16,200,59,7.127999999999999,Moderate
46,Female,0.69,85,7.96,50,59,7.816,Good
21,Male,4.83,63,8.23,200,32,6.440999999999999,Moderate
27,Male,2.76,85,2.38,100,31,7.86,Good
34,Female,5.31,21,4.3,200,27,6.318,Moderate
27,Male,4.01,33,4.36,150,34,6.792000000000001,Moderate
34,Female,5.09,54,2.36,250,45,6.7860000000000005,Moderate
37,Female,3.25,28,8.19,0,31,6.811,Moderate
41,Female,3.44,37,7.37,150,46,6.6450000000000005,Moderate
22,Female,1.29,109,2.71,250,37,8.061,Good
51,Female,4.81,96,4.3,150,55,7.268000000000001,Moderate
23,Female,2.81,17,1.95,100,46,7.212999999999999,Moderate
19,Male,3.25,70,6.65,0,28,7.385,Moderate
30,Male,4.82,64,2.09,150,58,7.167,Moderate
60,Female,3.79,96,9.87,100,20,7.015,Moderate
60,Female,1.61,0,8.03,0,26,6.875,Moderate
65,Female,3.75,87,4.51,50,45,7.569000000000001,Good
28,Male,2.74,3,6.21,100,26,6.661,Moderate
68,Female,3.08,3,9.2,200,26,6.094,Moderate
64,Male,0.66,81,5.99,0,27,8.079,Good
40,Female,1.66,26,2.57,150,35,7.371,Moderate
33,Female,2.05,42,4.41,250,22,7.069,Moderate
48,Male,4.42,58,8.59,150,29,6.537,Moderate
28,Male,0.56,31,6.8,200,26,7.117999999999999,Moderate
33,Female,2.75,32,6.86,200,40,6.684,Moderate
25,Female,5.58,27,8.8,150,56,5.974000000000001,Poor
21,Female,1.12,105,9.05,250,50,7.420999999999999,Moderate
57,Male,3.34,104,9.28,0,42,7.444,Moderate
21,Male,4.83,54,1.85,100,46,7.189,Moderate
42,Male,5.68,99,5.9,200,41,6.864,Moderate
20,Male,4.61,59,7.66,200,58,6.501999999999999,Moderate
49,Male,4.46,69,7.81,200,46,6.616999999999999,Moderate
20,Male,5.05,61,6.46,250,23,6.454000000000001,Moderate
44,Female,2.95,79,2.5,50,43,7.8500000000000005,Good
46,Female,4.93,33,8.18,250,42,6.026,Moderate
49,Male,0.54,86,7.48,0,38,8.004,Good
67,Female,5.59,113,1.78,0,22,7.834,Good
68,Female,2.94,105,5.17,0,46,7.944999999999999,Good
36,Male,3.54,87,2.57,0,22,7.905,Good
38,Female,1.9,55,4.04,0,47,7.766,Good
22,Male,4.58,112,1.16,150,36,7.788000000000001,Good
35,Male,0.92,12,4.6,200,50,7.076,Moderate
45,Female,5.3,55,5.95,250,29,6.395,Moderate
59,Male,5.05,17,6.58,150,41,6.202,Moderate
39,Male,1.69,53,6.97,250,49,6.995,Moderate
38,Male,4.95,76,8.53,50,40,6.817,Moderate
23,Male,4.82,112,2.94,100,55,7.662,Good
18,Male,3.98,100,2.08,200,42,7.595999999999999,Good
22,Male,2.55,42,8.66,50,57,6.944000000000001,Moderate
58,Male,1.99,38,2.41,150,31,7.441000000000001,Moderate
29,Male,1.77,60,9.77,100,44,7.068999999999999,Moderate
43,Female,2.25,41,8.58,50,39,7.002000000000001,Moderate
63,Female,5.47,80,5.51,250,26,6.654999999999999,Moderate
51,Female,0.93,78,9.83,100,48,7.411,Moderate
66,Male,5.06,17,1.88,250,48,6.47,Moderate
31,Male,2.42,22,3.73,50,32,7.263,Moderate
43,Female,3.37,53,6.74,150,22,6.882,Moderate
62,Female,4.87,114,4.15,250,21,7.2509999999999994,Moderate
44,Female,5.36,29,9.36,100,35,6.082,Moderate
26,Male,2.4,97,1.59,50,49,8.231,Good
43,Female,3.04,57,5.94,250,57,6.867999999999999,Moderate
64,Female,2.78,67,6.32,150,25,7.1819999999999995,Moderate
39,Male,0.57,66,6.87,200,26,7.459,Moderate
64,Female,2.13,70,3.3,150,24,7.644,Good
47,Male,3.03,119,4.28,150,26,7.856000000000001,Good
60,Male,2.76,17,8.59,200,53,6.359,Moderate
65,Male,4.47,105,2.75,150,51,7.5809999999999995,Good
34,Female,2.62,6,8.44,200,32,6.291999999999999,Moderate
43,Female,3.19,39,6.06,200,49,6.7459999999999996,Moderate
53,Male,2.86,69,7.86,250,44,6.831999999999999,Moderate
18,Female,4.57,85,7.42,250,40,6.694,Moderate
25,Female,5.25,64,2.87,200,40,6.903,Moderate
66,Female,3.43,67,6.12,50,47,7.272,Moderate
52,Female,4.84,109,8.81,100,39,7.0409999999999995,Moderate
69,Male,2.13,48,4.89,50,53,7.465,Moderate
32,Female,3.48,51,9.7,200,24,6.444,Moderate
64,Male,2.4,113,5.07,100,37,7.9430000000000005,Good
39,Male,2.78,106,2.29,250,58,7.775,Good
31,Female,4.53,28,4.5,100,30,6.723999999999999,Moderate
43,Male,5.35,20,9.57,200,36,5.773,Poor
45,Female,1.17,89,3.88,250,41,7.768000000000001,Good
40,Female,3.99,77,8.81,100,56,6.890999999999999,Moderate
31,Male,3.7,8,8.93,100,39,6.247,Moderate
41,Male,1.15,46,4.15,50,25,7.715,Good
19,Male,1.67,75,1.75,100,53,8.041,Good
62,Male,2.21,41,7.52,200,33,6.816,Moderate
43,Female,1.42,50,3.8,0,42,7.836,Good
31,Female,1.84,55,8.05,0,39,7.377,Moderate
68,Female,1.97,50,4.98,0,32,7.608,Good
24,Male,2.35,69,5.37,200,51,7.2829999999999995,Moderate
20,Male,4.62,19,8.0,0,45,6.466,Moderate
64,Male,3.65,87,4.44,50,33,7.596,Good
40,Female,5.92,26,4.99,200,55,6.177,Moderate
63,Male,2.78,37,4.39,250,27,6.875,Moderate
60,Female,4.65,71,4.31,200,59,6.949,Moderate
64,Male,5.29,64,5.73,200,41,6.608999999999999,Moderate
62,Female,4.23,53,8.28,100,41,6.656,Moderate
35,Female,2.77,112,4.26,100,35,7.94,Good
55,Male,4.64,112,5.72,100,46,7.42,Moderate
52,Male,1.62,23,7.04,150,29,6.902000000000001,Moderate
68,Female,2.3,46,3.42,50,44,7.558000000000001,Good
32,Female,3.51,70,3.5,200,50,7.248,Moderate
42,Male,3.66,82,9.4,200,40,6.747999999999999,Moderate
54,Male,0.62,85,7.51,100,46,7.7749999999999995,Good
45,Female,5.7,62,6.19,200,36,6.460999999999999,Moderate
27,Male,4.33,56,6.83,250,52,6.511000000000001,Moderate
56,Female,3.23,54,1.26,200,50,7.367999999999999,Moderate
34,Female,5.63,59,6.56,0,45,6.808,Moderate
56,Male,2.92,98,5.59,250,40,7.337,Moderate
39,Male,5.89,61,5.91,250,55,6.341,Moderate
43,Male,3.32,29,4.23,200,20,6.803,Moderate
61,Male,1.13,92,1.73,150,23,8.221,Good
42,Male,4.71,21,2.74,100,23,6.794,Moderate
34,Female,4.23,74,9.56,50,45,6.838,Moderate
30,Female,4.75,83,4.68,50,23,7.312,Moderate
37,Male,5.73,28,5.2,0,28,6.614,Moderate
42,Male,4.77,114,1.47,50,49,7.939,Good
21,Male,3.86,40,1.34,50,23,7.394,Moderate
27,Female,5.22,41,7.45,100,24,6.420999999999999,Moderate
20,Male,4.2,97,5.84,100,42,7.346,Moderate
58,Male,2.74,64,5.58,150,35,7.234,Moderate
62,Female,5.37,30,3.19,0,41,6.907,Moderate
35,Female,1.72,29,7.7,50,56,7.076,Moderate
64,Male,4.43,111,2.51,150,27,7.673,Good
53,Male,5.35,17,2.71,0,52,6.829,Moderate
64,Male,4.52,118,5.15,250,57,7.261,Moderate
39,Female,4.34,16,3.58,50,35,6.8340000000000005,Moderate
51,Male,4.64,37,3.23,50,24,7.019,Moderate
64,Male,3.06,13,6.81,100,35,6.637,Moderate
25,Male,5.31,86,6.86,200,26,6.712,Moderate
57,Female,1.62,88,8.42,0,20,7.7139999999999995,Good
66,Female,1.2,78,4.76,50,28,7.964,Good
61,Male,2.07,109,1.66,0,37,8.51,Good
36,Male,3.42,55,3.46,150,22,7.22,Moderate
59,Female,3.31,21,9.82,150,43,6.266,Moderate
58,Female,5.01,66,6.37,200,47,6.621,Moderate
54,Female,2.73,55,7.39,50,29,7.165,Moderate
23,Female,3.16,118,1.07,100,28,8.241000000000001,Good
69,Female,0.57,18,5.66,50,32,7.4,Moderate
43,Female,2.75,56,1.34,0,54,7.8759999999999994,Good
51,Female,4.06,43,6.12,250,42,6.505999999999999,Moderate
62,Female,0.59,97,9.29,150,36,7.622999999999999,Good
23,Female,2.04,34,9.72,0,26,6.959999999999999,Moderate
54,Male,1.64,113,5.86,200,35,7.815999999999999,Good
50,Male,0.73,0,5.12,150,59,7.042000000000001,Moderate
39,Male,3.14,51,9.51,100,55,6.730999999999999,Moderate
38,Female,1.5,84,7.06,150,39,7.534,Good
23,Male,4.59,92,1.58,250,43,7.343999999999999,Moderate
23,Female,5.16,69,5.19,50,24,7.039,Moderate
65,Female,3.5,36,3.16,250,25,6.844,Moderate
21,Male,5.9,64,5.23,250,47,6.437,Moderate
47,Female,2.98,50,5.1,50,24,7.2940000000000005,Moderate
28,Male,3.32,0,6.24,150,58,6.412,Moderate
47,Male,5.94,90,4.21,200,57,6.890999999999999,Moderate
48,Male,1.77,20,2.48,50,21,7.498,Moderate
41,Female,5.68,52,5.53,50,58,6.731,Moderate
26,Male,0.74,15,8.47,100,40,6.955,Moderate
20,Female,2.96,107,6.98,150,59,7.48,Moderate
68,Male,0.89,60,4.05,50,56,7.917,Good
48,Male,4.51,53,9.42,200,37,6.286,Moderate
57,Male,3.85,39,9.21,0,31,6.699,Moderate
54,Female,4.39,25,2.88,150,36,6.784,Moderate
53,Female,2.56,79,1.35,100,56,7.9430000000000005,Good
41,Female,2.53,91,7.67,250,57,7.137,Moderate
48,Male,0.75,64,8.45,50,34,7.545,Good
23,Male,2.42,99,9.71,200,26,7.135,Moderate
19,Female,5.61,73,9.01,150,33,6.407000000000001,Moderate
37,Female,2.59,63,6.4,200,20,7.072,Moderate
45,Female,5.07,42,5.77,200,57,6.428999999999999,Moderate
28,Female,5.13,16,1.25,250,22,6.509,Moderate
21,Female,2.55,58,3.22,100,56,7.548,Good
32,Female,3.98,22,5.14,150,50,6.609999999999999,Moderate
23,Male,1.02,6,6.66,50,32,7.09,Moderate
66,Female,1.07,43,6.02,100,37,7.413999999999999,Moderate
47,Male,0.77,52,7.68,50,36,7.498000000000001,Moderate
55,Male,3.7,70,3.52,0,36,7.608,Good
68,Female,2.84,107,6.08,200,30,7.494,Moderate
19,Female,3.51,78,1.79,0,39,7.899,Good
32,Male,3.37,33,4.72,200,29,6.783999999999999,Moderate
28,Female,2.43,45,7.75,250,48,6.689,Moderate
25,Female,4.23,108,7.24,100,53,7.31,Moderate
43,Male,4.67,67,9.92,50,36,6.644,Moderate
68,Male,0.58,77,3.5,250,32,7.804,Good
62,Male,1.64,77,5.48,50,58,7.7940000000000005,Good
61,Female,4.42,15,3.97,100,46,6.669,Moderate
22,Male,2.63,70,4.97,150,45,7.377000000000001,Moderate
23,Female,4.14,95,8.71,0,47,7.2509999999999994,Moderate
43,Male,2.41,18,7.16,0,32,6.981999999999999,Moderate
21,Male,2.65,1,8.94,50,31,6.486,Moderate
36,Male,1.37,9,2.83,50,47,7.433,Moderate
37,Female,1.92,49,8.86,50,21,7.12,Moderate
50,Female,3.83,80,1.54,100,56,7.68,Good
37,Male,2.88,100,9.0,150,53,7.224,Moderate
66,Male,4.76,11,3.96,0,42,6.7620000000000005,Moderate
29,Male,5.19,69,3.83,250,48,6.769,Moderate
64,Female,3.48,21,5.61,200,54,6.553,Moderate
18,Male,4.67,31,9.47,100,30,6.228999999999999,Moderate
43,Female,2.19,104,1.43,0,52,8.459,Good
31,Male,2.78,83,4.17,150,30,7.557,Good
55,Male,4.42,0,8.71,100,28,6.044999999999999,Moderate
54,Male,2.62,53,4.56,250,33,7.05,Moderate
28,Male,3.74,110,2.79,0,28,8.073,Good
53,Male,1.52,116,4.82,100,58,8.174,Good
30,Male,3.8,57,4.47,0,22,7.363,Moderate
60,Female,5.24,69,9.24,0,48,6.718,Moderate
20,Male,5.28,82,7.86,150,38,6.678,Moderate
50,Female,4.48,17,5.55,200,55,6.319,Moderate
23,Male,4.6,5,9.9,150,51,5.84,Poor
67,Male,3.57,44,5.19,0,26,7.207,Moderate
27,Female,3.72,96,1.52,100,47,7.864,Good
22,Male,1.24,22,3.36,250,37,7.135999999999999,Moderate
40,Female,2.94,22,4.92,150,24,6.84,Moderate
27,Female,2.98,25,2.41,200,42,7.013,Moderate
61,Male,5.77,76,9.53,0,41,6.653,Moderate
19,Female,2.87,6,7.9,250,45,6.196,Moderate
30,Female,3.52,78,3.41,150,31,7.4350000000000005,Moderate
57,Male,3.43,43,6.32,150,59,6.812,Moderate
19,Female,4.0,26,7.49,150,38,6.4110000000000005,Moderate
37,Male,4.62,25,9.47,150,20,6.079,Moderate
18,Male,1.74,96,8.93,250,22,7.219,Moderate
54,Male,3.41,78,5.64,100,46,7.334,Moderate
26,Male,5.04,35,7.97,200,37,6.145,Moderate
34,Female,3.05,108,6.06,200,49,7.4639999999999995,Moderate
26,Male,2.03,54,5.97,0,21,7.537,Good
28,Male,4.1,63,2.03,50,24,7.507,Good
32,Female,5.03,90,2.14,100,48,7.4799999999999995,Moderate
41,Male,0.85,56,5.77,0,52,7.813000000000001,Good
55,Male,4.77,68,3.42,0,39,7.384,Moderate
52,Female,5.02,60,1.19,150,49,7.1770000000000005,Moderate
47,Female,3.04,1,7.51,50,24,6.550999999999999,Moderate
48,Female,5.91,54,1.29,50,40,7.1290000000000004,Moderate
66,Female,4.83,96,6.36,100,34,7.1579999999999995,Moderate
22,Female,4.76,79,5.85,50,39,7.1530000000000005,Moderate
61,Female,4.61,86,9.72,0,27,6.965999999999999,Moderate
67,Female,1.33,37,5.36,50,50,7.468000000000001,Moderate
31,Male,1.69,118,1.57,50,31,8.585,Good
28,Female,3.05,79,5.97,200,40,7.182999999999999,Moderate
26,Female,1.95,77,8.57,0,49,7.523,Good
51,Female,2.78,28,9.97,250,46,6.227,Moderate
29,Male,5.39,25,4.87,50,45,6.585,Moderate
52,Male,5.03,34,3.88,50,52,6.846,Moderate
52,Female,3.97,78,9.16,150,45,6.77,Moderate
18,Female,5.22,66,2.72,50,45,7.244,Moderate
57,Female,4.81,86,6.54,50,55,7.144000000000001,Moderate
39,Male,2.86,28,4.65,200,59,6.843,Moderate
46,Male,1.61,33,1.37,0,20,7.871,Good
25,Female,3.33,96,4.13,100,34,7.680999999999999,Good
28,Male,4.55,40,3.39,0,20,7.151,Moderate
58,Female,2.9,40,7.17,150,30,6.803,Moderate
54,Male,4.17,22,9.54,0,21,6.432,Moderate
31,Male,1.02,70,3.41,50,20,8.055,Good
47,Female,4.61,2,8.3,150,50,5.967999999999999,Poor
52,Female,4.97,57,1.5,0,35,7.426,Moderate
38,Female,4.39,31,5.84,150,41,6.548,Moderate
54,Female,5.82,30,1.63,100,37,6.773,Moderate
22,Male,5.05,81,9.41,0,36,6.859,Moderate
36,Male,5.47,42,7.9,250,49,6.036,Moderate
31,Male,5.63,6,6.92,50,29,6.1419999999999995,Moderate
43,Female,4.91,104,8.42,150,54,6.916,Moderate
21,Male,4.21,0,6.83,250,40,5.975,Poor
42,Female,0.53,60,9.72,250,35,7.021999999999999,Moderate
62,Male,3.06,13,7.43,200,25,6.374999999999999,Moderate
59,Female,3.64,51,9.32,150,22,6.55,Moderate
42,Female,2.17,95,5.65,250,40,7.451,Moderate
35,Male,2.25,5,2.05,200,32,6.994999999999999,Moderate
57,Female,5.79,102,5.75,250,37,6.786999999999999,Moderate
25,Female,5.4,9,2.14,50,43,6.696,Moderate
56,Male,5.17,70,6.33,100,46,6.833,Moderate
57,Female,2.73,89,5.34,200,23,7.409999999999999,Moderate
31,Female,0.58,97,6.6,100,41,7.994000000000001,Good
49,Female,0.94,29,1.09,150,43,7.6930000000000005,Good
68,Male,2.22,99,2.75,50,59,8.171,Good
55,Male,0.59,20,5.42,200,29,7.14,Moderate
50,Female,0.59,59,9.55,150,21,7.217,Moderate
40,Male,5.54,80,4.45,250,59,6.746999999999999,Moderate
32,Female,4.38,96,4.82,0,25,7.601999999999999,Good
50,Female,2.2,73,7.43,150,37,7.246999999999999,Moderate
42,Female,1.23,114,6.43,100,36,8.051,Good
34,Female,3.31,62,3.69,50,57,7.489000000000001,Moderate
50,Female,0.53,110,4.7,50,42,8.424000000000001,Good
64,Male,5.66,41,2.96,150,49,6.682,Moderate
19,Female,2.78,50,9.69,250,40,6.475,Moderate
31,Male,2.71,63,2.18,0,29,7.87,Good
57,Male,2.65,75,4.35,100,32,7.585,Good
57,Female,0.88,55,1.23,150,31,7.951,Good
68,Female,4.01,79,3.0,150,28,7.388000000000001,Moderate
56,Male,4.53,40,8.02,50,23,6.5920000000000005,Moderate
68,Male,4.22,31,2.81,100,58,6.984999999999999,Moderate
23,Male,1.26,14,1.72,0,43,7.716,Good
23,Female,3.68,61,5.27,50,53,7.247000000000001,Moderate
20,Male,3.63,26,1.09,150,58,7.125,Moderate
24,Female,5.28,27,1.76,50,24,6.938000000000001,Moderate
68,Female,2.59,80,8.27,50,34,7.355,Moderate
25,Female,2.54,63,7.94,200,23,6.928,Moderate
59,Male,3.9,109,9.24,50,58,7.286,Moderate
69,Female,3.98,58,8.69,250,27,6.415,Moderate
32,Female,3.08,113,7.15,50,43,7.699000000000001,Good
64,Female,2.94,57,1.47,250,47,7.335,Moderate
46,Female,3.22,1,8.05,100,46,6.361,Moderate
50,Female,5.24,35,8.61,50,20,6.341,Moderate
69,Male,3.04,113,8.19,0,53,7.702999999999999,Good
47,Female,5.67,70,5.58,250,36,6.508,Moderate
56,Female,3.27,12,3.1,250,56,6.656,Moderate
44,Male,5.72,14,8.61,150,57,5.835,Poor
53,Female,5.08,88,7.54,100,45,6.91,Moderate
46,Male,2.49,86,9.83,50,43,7.279000000000001,Moderate
55,Female,5.25,59,2.4,0,58,7.3,Moderate
50,Male,1.11,21,3.03,150,40,7.385,Moderate
54,Male,5.59,62,2.91,100,49,7.010999999999999,Moderate
44,Female,3.97,89,8.13,250,32,6.782999999999999,Moderate
50,Female,0.8,96,2.68,0,56,8.532,Good
21,Female,4.04,74,1.6,50,22,7.672000000000001,Good
39,Male,5.86,73,9.99,200,51,6.158999999999999,Moderate
19,Male,0.88,24,1.22,200,54,7.542,Good
27,Male,3.55,100,8.52,100,38,7.2379999999999995,Moderate
22,Female,4.61,47,4.29,0,33,7.118999999999999,Moderate
27,Male,4.96,42,8.57,150,41,6.271,Moderate
50,Male,2.78,116,5.99,0,36,8.004999999999999,Good
55,Female,1.62,37,9.11,250,23,6.635000000000001,Moderate
30,Male,0.73,40,9.34,200,59,6.92,Moderate
48,Male,3.69,44,1.08,100,38,7.394000000000001,Moderate
64,Female,2.99,87,1.68,50,56,8.004,Good
53,Male,5.72,39,3.25,0,21,6.920999999999999,Moderate
62,Female,0.83,109,7.02,200,34,7.821999999999999,Good
41,Female,4.27,119,8.99,150,21,7.137,Moderate
69,Female,0.64,96,5.14,100,30,8.118,Good
32,Female,1.44,16,6.46,50,42,7.126,Moderate
46,Female,2.99,87,2.7,0,29,8.001999999999999,Good
25,Male,3.0,100,8.24,150,22,7.276000000000001,Moderate
22,Male,4.27,56,9.71,50,24,6.635,Moderate
46,Female,5.51,1,3.42,250,22,6.066,Moderate
64,Female,4.01,95,5.45,200,57,7.203,Moderate
21,Male,5.74,61,1.78,250,32,6.784000000000001,Moderate
29,Female,5.35,87,6.03,200,38,6.797,Moderate
62,Female,3.71,8,5.53,150,59,6.485,Moderate
19,Female,5.09,67,2.3,250,54,6.922000000000001,Moderate
44,Male,4.03,80,4.98,200,43,7.095999999999999,Moderate
48,Male,0.93,16,4.01,100,43,7.373,Moderate
68,Female,4.57,116,5.7,150,36,7.376,Moderate
68,Female,1.02,49,6.27,200,59,7.259,Moderate
53,Male,3.77,111,1.08,0,29,8.248000000000001,Good
53,Male,4.36,93,7.85,200,21,6.872999999999999,Moderate
43,Female,0.87,39,7.42,250,42,6.973999999999999,Moderate
60,Female,1.77,57,4.3,100,25,7.586,Good
44,Male,5.54,74,1.48,50,21,7.384,Moderate
22,Male,3.89,84,7.79,50,40,7.183,Moderate
37,Male,1.85,20,9.6,200,54,6.47,Moderate
28,Female,4.3,17,3.16,50,48,6.894,Moderate
27,Male,3.78,54,3.91,200,26,6.992999999999999,Moderate
57,Female,3.26,28,2.65,100,48,7.163,Moderate
55,Male,5.87,23,6.19,50,56,6.337000000000001,Moderate
23,Male,4.26,73,2.39,250,42,7.138999999999999,Moderate
25,Male,2.56,108,4.21,250,52,7.6469999999999985,Good
40,Male,4.9,16,7.27,0,27,6.452999999999999,Moderate
64,Female,5.37,17,6.04,200,31,6.092,Moderate
43,Female,1.19,41,4.48,50,29,7.6240000000000006,Good
63,Male,1.6,111,4.78,250,34,7.811999999999999,Good
60,Female,1.69,83,6.06,100,43,7.686,Good
29,Male,4.3,100,1.05,100,45,7.835,Good
43,Male,3.82,44,1.71,0,58,7.505,Good
30,Male,3.9,81,8.93,100,22,6.937,Moderate
57,Male,5.67,16,1.7,100,21,6.656,Moderate
35,Female,4.77,72,7.36,50,25,6.930000000000001,Moderate
42,Male,1.2,13,9.28,200,40,6.561999999999999,Moderate
50,Male,2.41,48,3.44,150,28,7.354,Moderate
64,Female,2.89,28,4.33,100,29,7.069,Moderate
57,Male,2.68,94,6.12,100,55,7.592,Good
60,Male,4.18,3,8.94,150,22,6.0,Moderate
29,Male,5.41,81,9.48,100,43,6.579999999999999,Moderate
61,Female,2.18,19,7.66,50,41,6.888000000000001,Moderate
53,Male,3.54,119,1.78,50,33,8.204,Good
65,Female,4.84,119,7.02,150,46,7.22,Moderate
21,Male,2.79,46,4.69,250,52,6.933,Moderate
22,Male,1.42,106,5.24,100,41,8.052000000000001,Good
54,Female,3.11,107,1.44,250,48,7.804,Good
25,Male,0.8,8,2.72,100,38,7.4479999999999995,Moderate
59,Male,5.68,76,8.11,200,38,6.412999999999999,Moderate
66,Female,0.91,78,5.09,100,25,7.8889999999999985,Good
45,Female,2.91,26,3.71,50,38,7.207000000000001,Moderate
48,Female,3.41,14,4.46,0,32,7.012,Moderate
26,Female,5.92,91,8.69,0,45,6.857,Moderate
68,Female,1.41,100,7.74,0,41,7.944,Good
46,Male,1.13,118,3.45,0,40,8.609,Good
31,Female,0.55,18,2.06,250,55,7.363999999999999,Moderate
57,Male,1.36,89,3.27,250,21,7.791,Good
58,Male,1.64,51,9.29,100,49,7.052999999999999,Moderate
39,Male,3.97,25,6.23,250,46,6.332999999999999,Moderate
28,Female,1.71,88,5.8,100,26,7.758,Good
40,Female,0.61,25,6.37,200,39,7.090999999999999,Moderate
18,Male,5.05,25,4.29,100,50,6.611,Moderate
63,Female,2.51,45,8.26,0,42,7.122000000000001,Moderate
54,Female,2.45,91,5.71,150,32,7.549,Good
38,Female,2.16,48,2.05,150,36,7.543,Good
43,Female,5.86,81,2.16,50,23,7.321999999999999,Moderate
63,Male,1.44,95,5.83,50,33,7.978999999999999,Good
53,Male,5.44,52,9.43,100,39,6.288999999999999,Moderate
40,Female,4.77,2,3.78,150,32,6.388,Moderate
18,Male,0.92,65,8.83,0,22,7.583,Good
68,Female,5.93,96,7.88,250,45,6.486,Moderate
57,Female,1.99,41,3.23,0,45,7.689,Good
32,Male,1.04,18,1.33,0,37,7.8389999999999995,Good
38,Male,5.06,16,1.92,100,51,6.755999999999999,Moderate
64,Male,4.39,107,7.56,100,33,7.236,Moderate
26,Female,3.89,32,2.8,200,22,6.861999999999999,Moderate
26,Male,1.36,75,4.34,0,20,8.044,Good
27,Female,3.13,48,5.52,0,45,7.302,Moderate
69,Male,4.79,55,7.53,100,43,6.638999999999999,Moderate
43,Male,2.17,62,2.02,100,54,7.784,Good
58,Female,2.21,2,4.66,200,33,6.711999999999999,Moderate
52,Female,0.52,106,5.37,200,22,8.019,Good
69,Female,1.46,48,5.87,50,32,7.501000000000001,Good
42,Female,5.31,54,8.37,150,33,6.341,Moderate
43,Female,2.93,25,2.55,0,40,7.409,Moderate
28,Female,5.91,98,8.27,0,45,6.971,Moderate
55,Female,2.68,71,7.24,200,22,7.05,Moderate
19,Female,4.43,51,6.0,200,59,6.623999999999999,Moderate
24,Male,2.05,99,7.3,50,23,7.75,Good
35,Female,2.5,116,4.71,150,55,7.889,Good
44,Female,1.55,117,2.25,50,20,8.535,Good
51,Male,2.41,6,6.99,150,59,6.579,Moderate
44,Female,3.51,45,5.72,250,52,6.676,Moderate
34,Male,5.95,45,6.75,0,26,6.585,Moderate
60,Male,4.15,99,4.04,50,30,7.656000000000001,Good
61,Female,1.6,15,9.16,200,46,6.513999999999999,Moderate
68,Male,0.75,23,6.29,50,33,7.351000000000001,Moderate
41,Female,1.19,60,1.77,250,41,7.6850000000000005,Good
42,Male,3.59,53,5.05,50,35,7.207000000000001,Moderate
24,Male,4.71,61,7.81,0,31,6.8870000000000005,Moderate
69,Male,5.67,0,8.15,250,29,5.550999999999999,Poor
23,Female,0.59,48,5.45,200,43,7.417,Moderate
41,Female,3.38,24,9.05,200,37,6.2589999999999995,Moderate
50,Male,3.09,9,3.41,100,41,6.930999999999999,Moderate
66,Male,4.11,117,4.7,250,28,7.378,Moderate
46,Female,3.58,79,9.09,100,36,6.965,Moderate
60,Female,4.28,15,9.07,100,57,6.187,Moderate
39,Male,4.12,57,7.17,0,59,7.029,Moderate
43,Male,1.14,71,8.73,50,32,7.509,Good
45,Female,4.9,28,1.8,200,56,6.72,Moderate
67,Female,1.18,102,8.78,200,25,7.506,Good
38,Female,4.34,91,3.89,50,40,7.553,Good
66,Female,2.79,5,2.6,200,55,6.832,Moderate
24,Female,3.33,15,3.15,50,26,7.069,Moderate
34,Male,5.47,19,4.76,250,55,6.12,Moderate
37,Female,5.39,79,3.26,0,44,7.386,Moderate
58,Male,5.0,70,3.89,0,30,7.311,Moderate
66,Female,3.31,104,2.21,0,33,8.157,Good
37,Male,4.55,77,3.67,50,48,7.393000000000001,Moderate
39,Female,3.32,42,6.15,50,29,7.041,Moderate
45,Female,5.28,25,4.98,150,24,6.396,Moderate
57,Male,2.72,89,4.12,200,27,7.533999999999999,Good
66,Male,5.84,77,7.72,200,24,6.43,Moderate
24,Female,5.63,70,9.04,150,43,6.37,Moderate
18,Female,4.58,32,7.81,150,59,6.323,Moderate
49,Female,2.04,25,3.99,0,45,7.443,Moderate
30,Female,1.22,44,7.7,150,25,7.126000000000001,Moderate
47,Female,5.2,83,2.37,50,35,7.453,Moderate
40,Male,1.41,62,2.17,100,55,7.921,Good
68,Male,5.2,66,4.11,50,31,7.109,Moderate
36,Female,3.2,51,8.27,150,30,6.742999999999999,Moderate
49,Male,2.74,67,3.22,200,22,7.3999999999999995,Moderate
47,Male,5.47,25,1.57,50,56,6.899,Moderate
46,Male,3.82,74,2.19,200,25,7.356999999999999,Moderate
66,Female,3.67,1,8.73,50,38,6.303,Moderate
62,Male,3.57,13,6.7,200,37,6.345999999999999,Moderate
46,Female,2.54,107,3.28,250,35,7.734,Good
47,Male,4.82,29,6.0,50,42,6.626,Moderate
33,Female,1.89,48,5.75,200,56,7.126999999999999,Moderate
57,Male,5.66,11,6.9,100,28,6.088,Moderate
36,Female,5.42,89,3.1,0,22,7.4959999999999996,Moderate
35,Female,2.36,43,8.78,50,27,6.98,Moderate
18,Male,4.51,32,3.78,100,57,6.84,Moderate
31,Female,3.65,12,7.25,0,23,6.665,Moderate
68,Female,2.36,77,1.15,50,31,8.083,Good
64,Female,5.94,87,4.35,100,50,7.047,Moderate
67,Female,0.64,97,4.17,100,44,8.225000000000001,Good
19,Female,1.89,107,5.89,250,35,7.603,Good
45,Female,3.36,25,1.65,100,33,7.213,Moderate
66,Female,3.37,20,8.11,250,32,6.215,Moderate
67,Female,3.74,27,2.96,150,26,6.925999999999999,Moderate
47,Male,4.63,47,7.09,200,31,6.435,Moderate
55,Male,3.93,99,8.23,0,56,7.381,Moderate
68,Female,3.8,39,6.06,200,23,6.624,Moderate
21,Female,0.79,65,7.67,200,21,7.324999999999999,Moderate
18,Male,2.57,105,6.96,250,54,7.34,Moderate
25,Male,1.78,72,4.2,200,22,7.544,Good
46,Male,1.96,86,8.28,100,23,7.4399999999999995,Moderate
56,Female,3.55,78,3.65,250,57,7.205,Moderate
20,Male,1.6,76,6.14,200,31,7.425999999999999,Moderate
49,Female,2.12,22,7.71,250,38,6.5249999999999995,Moderate
27,Female,1.8,80,4.41,150,29,7.699,Good
27,Male,5.72,47,3.72,250,20,6.454,Moderate
36,Female,5.7,1,5.13,50,36,6.257,Moderate
63,Female,3.85,83,8.36,100,35,7.024,Moderate
51,Female,5.58,19,9.37,0,28,6.1370000000000005,Moderate
50,Female,4.82,58,5.91,50,28,6.925,Moderate
40,Male,3.74,45,6.95,50,28,6.907,Moderate
45,Male,0.54,2,9.13,50,31,6.899,Moderate
49,Female,4.75,54,1.89,200,34,7.0009999999999994,Moderate
67,Female,4.36,11,3.09,250,21,6.429,Moderate
24,Male,3.88,39,7.38,250,30,6.376,Moderate
46,Female,4.68,65,8.41,200,30,6.473,Moderate
25,Male,3.32,99,8.71,100,27,7.255,Moderate
18,Female,4.37,77,4.74,200,51,7.0219999999999985,Moderate
20,Female,5.64,15,1.8,200,25,6.442,Moderate
41,Male,2.57,82,4.94,200,39,7.412,Moderate
40,Male,4.39,33,3.08,100,58,6.944,Moderate
25,Male,3.12,43,3.62,100,54,7.243999999999999,Moderate
64,Male,4.21,109,7.95,150,27,7.153,Moderate
54,Female,4.7,5,1.68,150,53,6.6419999999999995,Moderate
20,Male,0.75,76,8.45,150,38,7.465,Moderate
68,Female,4.06,63,4.85,150,26,7.0329999999999995,Moderate
50,Male,1.75,99,6.36,250,50,7.504,Good
45,Male,4.19,21,1.81,50,37,7.091,Moderate
64,Female,3.08,17,4.04,50,59,7.050000000000001,Moderate
25,Male,4.75,11,1.81,150,33,6.679,Moderate
51,Male,1.18,51,9.65,150,58,7.009,Moderate
52,Male,3.94,117,8.27,0,55,7.555,Good
49,Male,2.03,93,5.14,50,36,7.91,Good
41,Female,5.19,116,3.01,0,56,7.821,Good
31,Female,5.61,50,9.4,0,28,6.438,Moderate
49,Male,5.98,103,4.1,200,39,7.024,Moderate
63,Male,4.88,70,2.45,250,47,6.979,Moderate
60,Male,4.65,95,6.07,100,39,7.213,Moderate
33,Female,1.69,47,9.49,50,55,7.083,Moderate
21,Female,2.35,18,1.03,150,46,7.307,Moderate
69,Female,3.06,5,3.14,150,27,6.824,Moderate
54,Female,4.75,83,9.45,100,51,6.734999999999999,Moderate
38,Male,5.53,26,2.54,50,20,6.800000000000001,Moderate
31,Male,1.54,52,2.02,150,36,7.71,Good
48,Male,5.57,106,6.13,150,28,7.033,Moderate
65,Female,4.33,100,8.76,200,39,6.858,Moderate
35,Male,3.86,47,5.29,0,51,7.169,Moderate
24,Female,1.6,6,9.95,150,21,6.444999999999999,Moderate
27,Female,0.81,58,7.11,250,51,7.207,Moderate
24,Male,3.63,68,1.67,50,28,7.687,Good
50,Male,4.08,10,9.94,250,49,5.79,Poor
40,Male,1.66,14,4.67,100,39,7.141,Moderate
38,Female,3.56,63,3.59,200,57,7.159,Moderate
36,Female,5.21,2,6.02,50,20,6.276,Moderate
65,Male,5.09,68,3.74,200,24,6.888,Moderate
36,Male,5.6,22,1.78,0,54,6.922,Moderate
53,Female,2.51,52,1.01,150,55,7.617,Good
46,Male,2.25,36,5.05,50,20,7.305000000000001,Moderate
35,Female,4.62,8,8.53,100,33,6.103,Moderate
19,Female,2.87,14,6.15,0,28,6.951,Moderate
18,Male,0.98,2,9.99,0,49,6.824999999999999,Moderate
64,Male,2.06,92,3.58,200,43,7.75,Good
22,Male,2.8,69,3.52,0,23,7.7780000000000005,Good
37,Male,2.11,16,2.44,50,33,7.394000000000001,Moderate
28,Female,2.33,25,2.48,200,44,7.135999999999999,Moderate
59,Female,2.12,20,3.57,0,23,7.419,Moderate
19,Female,0.73,71,8.14,100,44,7.55,Good
20,Male,4.0,20,9.15,250,29,5.985,Poor
40,Female,3.79,10,9.78,50,54,6.264,Moderate
29,Male,4.09,37,3.09,100,26,7.043,Moderate
37,Male,1.56,71,8.93,100,32,7.305,Moderate
22,Male,2.13,105,3.95,200,23,7.829000000000001,Good
54,Male,3.91,87,2.02,150,55,7.586,Good
55,Male,3.8,34,8.83,200,33,6.297,Moderate
47,Male,3.28,118,6.72,50,37,7.752000000000001,Good
26,Female,2.43,13,2.48,50,27,7.296,Moderate
51,Male,5.52,118,4.87,200,51,7.188999999999999,Moderate
61,Female,2.37,13,3.59,150,46,6.997,Moderate
52,Female,3.01,9,7.63,200,56,6.324999999999999,Moderate
69,Male,4.23,11,5.08,50,42,6.656000000000001,Moderate
39,Male,3.49,37,9.9,150,26,6.382,Moderate
61,Male,2.41,107,1.49,50,31,8.339,Good
41,Female,2.9,118,4.2,150,44,7.88,Good
34,Male,4.87,109,5.34,150,22,7.282,Moderate
27,Female,2.03,33,5.53,200,45,6.971,Moderate
47,Male,1.28,40,3.84,200,23,7.359999999999999,Moderate
63,Male,2.22,9,7.56,200,55,6.489999999999999,Moderate
40,Female,5.17,16,8.87,150,34,5.939000000000001,Poor
49,Female,0.99,16,9.45,150,51,6.717,Moderate
34,Male,5.95,66,8.25,50,48,6.545,Moderate
67,Female,3.48,61,8.66,100,29,6.848000000000001,Moderate
68,Female,5.92,94,5.95,200,40,6.760999999999999,Moderate
34,Female,5.66,114,8.43,250,35,6.665,Moderate
31,Female,2.99,0,3.73,50,38,6.929,Moderate
26,Female,1.59,11,4.59,50,48,7.233000000000001,Moderate
57,Male,1.41,102,3.85,0,37,8.353,Good
19,Male,1.82,3,5.21,200,35,6.745,Moderate
62,Female,4.41,41,3.57,50,20,7.071000000000001,Moderate
42,Male,2.0,12,9.65,0,21,6.755,Moderate
56,Male,2.38,97,3.82,250,34,7.612,Good
26,Female,2.97,105,1.88,250,58,7.768000000000001,Good
39,Male,5.52,84,5.74,200,47,6.762,Moderate
60,Female,1.54,85,1.51,150,20,8.091,Good
63,Female,0.53,3,1.99,0,24,7.7250000000000005,Good
21,Male,0.83,81,2.97,150,41,8.046999999999999,Good
43,Female,5.48,68,5.18,250,55,6.566,Moderate
46,Female,4.06,18,4.9,250,32,6.377999999999999,Moderate
62,Female,2.0,1,8.2,100,20,6.589999999999999,Moderate
51,Female,1.47,11,7.66,100,35,6.8500000000000005,Moderate
40,Female,2.12,80,4.84,100,41,7.691999999999999,Good
54,Male,1.13,73,4.0,100,51,7.903999999999999,Good
28,Male,5.68,97,3.85,50,35,7.349,Moderate
23,Female,4.81,5,7.97,100,34,6.091,Moderate
35,Female,3.04,7,1.47,50,31,7.215,Moderate
38,Male,5.26,50,1.12,50,20,7.236000000000001,Moderate
59,Female,1.87,10,8.16,200,36,6.51,Moderate
53,Male,4.44,62,5.29,50,47,7.103000000000001,Moderate
58,Female,5.21,56,2.18,50,26,7.200000000000001,Moderate
55,Female,2.46,11,3.12,100,28,7.106,Moderate
51,Female,4.67,72,9.39,50,41,6.747,Moderate
34,Female,2.12,1,8.74,150,45,6.412,Moderate
54,Female,2.14,7,7.39,100,31,6.703,Moderate
42,Female,1.09,10,5.34,0,26,7.348,Moderate
55,Female,2.92,52,5.68,100,34,7.168,Moderate
29,Male,4.51,99,9.78,50,57,7.010000000000001,Moderate
40,Male,5.67,9,9.69,150,40,5.686999999999999,Poor
59,Male,3.82,84,2.94,100,33,7.582,Good
39,Female,5.25,83,8.3,150,21,6.65,Moderate
38,Female,5.02,111,2.78,0,27,7.828000000000001,Good
44,Female,1.45,7,2.92,250,25,6.988,Moderate
48,Female,3.17,35,7.08,0,56,7.007999999999999,Moderate
23,Female,1.14,92,4.65,250,56,7.727,Good
44,Female,4.25,105,9.38,200,52,6.861999999999999,Moderate
57,Female,5.72,75,1.8,250,25,6.926,Moderate
51,Male,1.25,13,5.6,200,45,6.92,Moderate
29,Female,4.54,111,9.27,100,58,7.074999999999999,Moderate
62,Male,3.98,53,9.14,200,56,6.419999999999999,Moderate
24,Male,3.71,113,2.41,150,33,7.847,Good
27,Female,2.65,84,4.3,200,56,7.4799999999999995,Moderate
62,Female,2.45,85,6.57,150,27,7.403,Moderate
34,Male,0.75,20,2.43,250,58,7.3069999999999995,Moderate
43,Male,1.7,107,9.71,250,32,7.259,Moderate
38,Female,0.58,49,9.23,250,32,6.9510000000000005,Moderate
45,Female,3.7,93,2.5,200,59,7.539999999999999,Good
63,Male,1.08,38,2.09,250,47,7.455,Moderate
19,Female,5.3,19,1.77,200,37,6.553,Moderate
60,Female,3.38,87,9.18,200,38,6.8759999999999994,Moderate
18,Female,4.35,86,2.74,50,57,7.6160000000000005,Good
68,Male,2.76,6,4.75,50,51,6.933000000000001,Moderate
53,Male,3.58,8,5.04,200,41,6.459999999999999,Moderate
68,Male,5.68,0,6.39,150,21,5.925,Poor
43,Female,0.96,25,1.65,100,32,7.693,Good
46,Female,1.9,37,3.04,0,42,7.686,Good
38,Male,4.79,37,9.38,50,44,6.374,Moderate
28,Male,1.04,117,9.18,200,47,7.644,Good
57,Male,0.92,60,8.03,0,30,7.6129999999999995,Good
28,Female,2.49,43,1.17,50,52,7.715,Good
53,Male,1.01,85,3.94,100,43,8.054,Good
66,Male,3.72,43,6.65,150,21,6.721,Moderate
56,Female,1.74,73,3.48,200,49,7.634,Good
57,Female,5.43,118,9.19,100,36,6.974999999999999,Moderate
52,Female,4.81,61,6.71,50,59,6.877000000000001,Moderate
51,Male,4.35,5,1.65,200,53,6.614999999999999,Moderate
64,Female,3.89,16,9.18,0,57,6.4639999999999995,Moderate
41,Female,5.25,50,9.62,250,41,5.988,Poor
39,Male,1.73,113,1.7,150,24,8.314,Good
22,Female,5.3,37,5.79,50,59,6.631,Moderate
50,Male,4.84,23,3.73,150,35,6.589,Moderate
53,Male,4.61,50,4.54,200,32,6.723999999999999,Moderate
64,Female,3.59,9,2.62,250,45,6.609999999999999,Moderate
37,Female,1.85,119,6.2,100,50,7.999999999999999,Good
36,Female,2.83,71,9.62,150,58,6.882000000000001,Moderate
52,Female,4.86,20,5.53,0,42,6.675,Moderate
69,Female,0.67,119,1.75,50,31,8.781,Good
60,Female,4.8,69,6.58,0,33,7.071999999999999,Moderate
34,Male,1.82,84,4.06,150,37,7.7700000000000005,Good
62,Male,1.29,56,8.7,250,46,6.932,Moderate
60,Female,1.14,38,4.91,100,47,7.461,Moderate
51,Male,0.65,87,2.74,100,37,8.266,Good
26,Female,3.38,32,2.72,0,35,7.372,Moderate
43,Male,1.7,58,7.92,200,35,7.048,Moderate
19,Male,5.94,17,3.39,200,32,6.2429999999999986,Moderate
26,Male,3.66,55,7.91,250,48,6.526999999999999,Moderate
26,Female,1.26,91,2.85,100,28,8.173,Good
57,Male,4.29,56,3.9,0,45,7.311999999999999,Moderate
34,Female,5.44,115,5.19,0,47,7.542999999999999,Good
18,Male,4.6,95,9.49,0,32,7.081,Moderate
42,Male,0.92,75,9.39,150,55,7.327,Moderate
60,Male,5.43,47,2.86,250,28,6.598,Moderate
57,Male,4.87,41,4.22,200,33,6.614,Moderate
59,Male,1.37,26,2.34,200,31,7.351999999999999,Moderate
42,Female,0.78,73,5.59,150,51,7.715000000000001,Good
56,Female,3.57,109,5.15,50,57,7.761,Good
52,Male,1.36,51,9.11,150,22,7.027,Moderate
20,Male,5.09,41,9.37,250,35,5.955,Poor
67,Male,2.47,31,4.45,0,39,7.3709999999999996,Moderate
54,Male,5.52,105,5.43,150,51,7.103,Moderate
61,Female,3.61,25,9.07,0,42,6.621,Moderate
61,Male,1.5,24,8.26,250,36,6.614000000000001,Moderate
68,Female,1.27,74,1.03,250,35,7.883000000000001,Good
47,Male,3.67,22,3.88,100,57,6.898,Moderate
55,Female,4.69,97,4.8,0,27,7.551999999999999,Good
51,Male,4.8,56,3.07,200,38,6.892999999999999,Moderate
29,Male,2.02,51,2.8,150,49,7.526,Good
36,Female,1.62,103,1.34,250,53,8.072,Good
54,Male,0.59,86,6.79,0,33,8.062999999999999,Good
61,Male,4.24,92,3.36,50,41,7.636,Good
66,Male,0.92,30,1.47,100,36,7.768999999999999,Good
34,Female,2.81,63,3.08,50,34,7.66,Good
27,Male,3.81,70,8.22,250,51,6.616,Moderate
66,Male,5.65,103,8.66,50,32,6.934,Moderate
64,Female,2.21,32,5.35,50,40,7.243,Moderate
29,Female,1.87,84,4.74,100,59,7.792,Good
33,Female,4.1,1,9.8,100,52,6.009999999999999,Moderate
41,Male,3.91,17,2.81,100,46,6.907,Moderate
36,Male,2.33,46,2.94,100,54,7.5,Good
25,Male,5.6,32,3.63,50,35,6.737,Moderate
48,Female,5.15,100,2.55,200,47,7.3149999999999995,Moderate
38,Male,1.73,97,4.41,200,53,7.7829999999999995,Good
34,Male,1.82,83,9.2,100,20,7.346,Moderate
40,Female,3.32,34,6.54,150,50,6.722,Moderate
54,Female,4.75,50,4.71,0,55,7.079,Moderate
33,Female,0.74,113,9.41,250,52,7.541,Good
23,Female,4.31,117,1.44,150,52,7.864,Good
25,Female,4.07,17,2.89,250,58,6.567,Moderate
42,Male,1.77,109,6.09,150,37,7.827000000000001,Good
35,Female,4.25,87,6.54,150,42,7.066000000000001,Moderate
42,Male,5.67,71,1.36,200,42,7.039999999999999,Moderate
29,Male,0.76,29,4.63,0,34,7.675,Good
32,Female,2.26,43,6.84,150,45,6.994,Moderate
43,Female,2.91,52,7.28,100,49,7.010000000000001,Moderate
58,Female,5.45,9,6.74,250,44,5.826,Poor
62,Male,5.79,86,3.89,200,35,6.912999999999999,Moderate
43,Female,2.94,51,1.84,250,58,7.2379999999999995,Moderate
64,Female,4.63,48,4.84,100,33,6.87,Moderate
49,Female,3.42,10,2.16,100,36,6.999999999999999,Moderate
27,Female,3.46,65,9.53,150,31,6.705,Moderate
33,Female,2.03,57,5.28,100,48,7.436000000000001,Moderate
24,Male,1.69,89,3.86,0,51,8.166,Good
34,Male,2.08,35,7.9,100,43,6.943999999999999,Moderate
40,Male,3.56,32,5.48,150,32,6.760000000000001,Moderate
43,Female,0.66,46,3.79,250,39,7.449000000000001,Moderate
38,Female,5.49,12,8.31,100,34,5.991,Poor
39,Female,1.36,39,8.8,200,23,6.837999999999999,Moderate
24,Male,1.71,88,7.06,200,53,7.4319999999999995,Moderate
31,Female,3.35,67,1.42,200,47,7.457999999999999,Moderate
32,Female,4.41,41,6.1,250,21,6.418,Moderate
24,Female,1.03,18,7.87,50,49,7.087,Moderate
26,Male,2.25,81,2.23,200,45,7.737,Good
68,Female,5.83,100,3.06,200,45,7.127999999999999,Moderate
65,Male,1.94,93,8.94,50,39,7.548,Good
25,Female,2.22,18,1.18,250,47,7.117999999999999,Moderate
67,Male,5.1,57,7.77,200,39,6.373,Moderate
40,Male,0.78,22,5.26,150,30,7.238,Moderate
46,Male,3.06,53,5.02,250,29,6.916,Moderate
35,Female,2.59,79,1.06,200,42,7.766,Good
48,Female,2.24,64,8.37,200,56,6.954999999999999,Moderate
47,Male,2.07,11,4.24,50,38,7.172000000000001,Moderate
69,Male,1.0,23,5.87,150,37,7.143000000000001,Moderate
56,Female,2.23,33,7.1,250,46,6.674,Moderate
52,Female,0.74,52,7.32,100,25,7.44,Moderate
35,Male,4.8,7,9.6,0,29,6.15,Moderate
59,Female,2.69,17,5.78,150,21,6.754,Moderate
56,Female,2.94,56,4.6,100,43,7.312,Moderate
34,Female,5.41,111,9.58,150,57,6.7700000000000005,Moderate
31,Female,4.12,4,6.78,100,47,6.338,Moderate
48,Male,0.54,25,3.68,100,47,7.574,Good
41,Female,5.69,29,2.14,150,58,6.638,Moderate
52,Female,1.8,53,8.58,50,21,7.212000000000001,Moderate
61,Male,1.09,12,4.26,150,24,7.176,Moderate
62,Male,4.72,82,6.94,150,30,6.882000000000001,Moderate
51,Female,3.25,28,5.24,100,29,6.906,Moderate
20,Female,2.89,2,2.79,0,21,7.162999999999999,Moderate
54,Female,1.87,89,6.42,100,34,7.6739999999999995,Good
60,Female,3.51,103,1.55,200,58,7.773,Good
57,Male,2.01,57,4.72,150,56,7.396,Moderate
43,Male,5.46,75,5.92,250,26,6.566,Moderate
40,Male,1.68,1,4.92,150,39,6.882,Moderate
61,Female,5.36,74,7.74,50,53,6.7940000000000005,Moderate
56,Female,3.58,107,8.45,250,54,7.009,Moderate
32,Female,5.06,27,7.94,100,53,6.2639999999999985,Moderate
66,Female,4.42,81,1.35,50,41,7.691000000000001,Good
21,Male,4.33,76,2.75,150,50,7.319,Moderate
46,Male,2.28,100,5.83,100,42,7.761,Good
39,Female,1.79,85,9.41,100,38,7.351,Moderate
42,Male,1.66,75,8.51,200,23,7.167,Moderate
30,Female,5.21,1,8.58,200,43,5.709999999999999,Poor
35,Female,5.01,100,3.73,0,39,7.625,Good
50,Male,2.92,6,4.87,200,58,6.5889999999999995,Moderate
33,Female,1.23,25,5.24,250,47,6.9799999999999995,Moderate
62,Female,2.6,89,2.42,100,58,7.928,Good
59,Male,3.91,87,1.28,200,36,7.56,Good
61,Female,3.0,75,9.52,0,38,7.198,Moderate
19,Female,4.79,15,3.17,150,54,6.575,Moderate
52,Male,5.99,22,3.16,250,51,6.2059999999999995,Moderate
59,Female,1.55,39,1.75,200,58,7.504999999999999,Good
51,Male,3.03,59,9.36,100,54,6.848,Moderate
47,Female,2.87,72,6.22,150,49,7.224,Moderate
30,Male,2.17,31,7.0,100,36,6.975999999999999,Moderate
30,Male,1.59,14,9.2,150,48,6.602,Moderate
35,Male,0.86,100,4.11,250,25,7.917,Good
49,Female,5.38,12,6.59,100,36,6.185,Moderate
49,Male,2.81,4,1.35,200,36,6.943,Moderate
52,Male,3.23,74,2.68,200,33,7.426,Moderate
56,Male,5.54,73,8.48,0,43,6.773999999999999,Moderate
63,Male,4.77,51,7.9,150,56,6.466,Moderate
69,Male,1.22,76,4.16,0,59,8.1,Good
46,Female,3.61,40,4.39,50,58,7.139000000000001,Moderate
66,Female,2.93,52,5.8,200,51,6.953999999999999,Moderate
46,Female,4.88,109,1.0,150,55,7.714000000000001,Good
61,Female,4.48,49,3.17,250,56,6.777,Moderate
33,Female,4.3,14,2.87,0,33,6.992999999999999,Moderate
61,Female,2.37,105,3.25,250,46,7.7509999999999994,Good
64,Female,4.93,119,8.25,250,38,6.879,Moderate
27,Male,0.79,6,3.52,250,50,7.049999999999999,Moderate
47,Female,1.38,39,2.72,0,28,7.842,Good
42,Male,2.35,27,5.54,50,57,7.146000000000001,Moderate
56,Male,0.92,31,8.79,0,36,7.246999999999999,Moderate
37,Female,1.79,98,3.17,100,38,8.105,Good
22,Male,5.07,14,1.71,200,23,6.554999999999999,Moderate
18,Male,5.72,111,4.21,0,30,7.545,Good
47,Male,2.18,99,7.73,0,41,7.781000000000001,Good
66,Male,1.95,84,5.96,50,23,7.7540000000000004,Good
20,Female,2.04,69,8.35,100,36,7.246999999999999,Moderate
62,Female,2.03,64,9.64,0,27,7.27,Moderate
31,Female,0.7,3,8.13,200,53,6.6770000000000005,Moderate
47,Female,5.6,10,6.43,200,30,5.936999999999999,Poor
67,Female,1.68,107,5.44,0,50,8.19,Good
21,Female,2.81,25,1.36,250,30,7.052,Moderate
35,Female,0.55,60,9.86,250,57,7.004,Moderate
54,Female,5.22,36,4.45,100,40,6.670999999999999,Moderate
42,Female,4.52,22,2.37,200,49,6.678999999999999,Moderate
65,Female,5.71,92,7.0,250,29,6.577999999999999,Moderate
18,Male,4.8,84,3.56,200,45,7.124,Moderate
63,Female,2.23,111,6.27,100,46,7.837000000000001,Good
32,Male,1.86,108,6.28,100,27,7.88,Good
26,Male,4.34,108,5.01,250,58,7.210999999999999,Moderate
32,Male,2.5,112,8.53,0,27,7.767,Good
66,Male,3.61,90,3.38,150,27,7.540000000000001,Good
41,Female,0.53,102,5.04,50,53,8.31,Good
21,Male,0.84,39,5.84,150,35,7.338,Moderate
29,Female,3.44,76,6.97,150,32,7.075,Moderate
54,Female,3.61,22,8.06,200,42,6.292,Moderate
54,Male,4.63,15,4.55,100,31,6.569,Moderate
60,Female,1.23,93,6.81,200,46,7.603,Good
23,Male,3.32,60,2.36,250,41,7.2,Moderate
56,Male,1.57,67,9.39,50,51,7.317,Moderate
63,Female,1.01,103,4.45,250,46,7.882999999999999,Good
41,Female,2.76,79,7.57,0,21,7.481000000000001,Moderate
28,Male,1.4,30,1.18,50,52,7.802,Good
30,Female,1.72,52,2.85,200,45,7.491,Moderate
51,Female,2.25,105,5.38,200,47,7.661999999999999,Good
42,Female,1.93,24,8.9,250,38,6.464,Moderate
24,Male,0.98,43,5.75,200,24,7.2589999999999995,Moderate
69,Male,0.99,11,9.37,200,52,6.574999999999999,Moderate
21,Female,1.56,89,5.35,150,39,7.742999999999999,Good
25,Female,0.78,100,5.41,0,49,8.303,Good
37,Female,3.95,111,2.08,150,27,7.812,Good
46,Female,2.08,96,8.22,200,57,7.321999999999999,Moderate
68,Female,2.04,91,3.22,100,36,7.9799999999999995,Good
62,Male,2.33,8,9.1,150,20,6.404,Moderate
63,Female,4.15,11,9.2,200,22,5.96,Poor
27,Male,5.29,68,9.49,200,45,6.273,Moderate
60,Female,4.67,53,5.68,0,50,7.0280000000000005,Moderate
51,Male,4.5,115,7.09,250,27,7.041,Moderate
43,Female,3.16,53,8.01,50,27,6.997000000000001,Moderate
58,Male,4.32,27,2.18,150,54,6.888000000000001,Moderate
66,Female,3.54,55,6.41,150,58,6.901,Moderate
20,Male,1.69,98,1.31,150,47,8.210999999999999,Good
23,Male,1.65,68,5.48,200,23,7.401999999999999,Moderate
22,Male,2.13,97,2.39,0,35,8.305,Good
22,Male,5.51,109,2.65,200,32,7.3229999999999995,Moderate
64,Male,3.51,97,4.29,200,39,7.438999999999999,Moderate
40,Male,4.54,76,4.89,250,24,6.8629999999999995,Moderate
66,Female,2.41,102,6.61,100,56,7.676999999999999,Good
26,Male,2.74,105,1.67,0,39,8.335,Good
52,Female,1.19,108,5.53,150,43,7.989000000000002,Good
37,Female,1.44,111,2.64,50,55,8.458,Good
66,Female,5.05,57,6.17,150,53,6.643000000000001,Moderate
59,Female,3.72,77,6.74,200,53,6.952,Moderate
52,Female,2.36,74,6.01,0,38,7.667000000000001,Good
67,Male,4.92,41,7.64,0,36,6.662,Moderate
35,Male,1.86,37,4.02,0,24,7.596,Good
34,Male,5.87,67,7.89,100,44,6.507,Moderate
41,Female,2.4,52,4.89,150,37,7.251,Moderate
20,Male,2.36,32,5.36,100,27,7.112000000000001,Moderate
49,Male,2.22,70,6.83,250,46,7.073,Moderate
52,Male,1.17,55,1.17,50,34,8.099,Good
55,Male,1.11,104,6.89,250,32,7.629,Good
30,Male,4.06,71,6.57,200,35,6.840999999999999,Moderate
64,Female,5.31,100,3.79,100,41,7.358999999999999,Moderate
42,Male,4.85,50,1.77,100,39,7.1530000000000005,Moderate
26,Female,1.28,73,1.82,250,32,7.792,Good
21,Female,3.5,42,9.31,200,39,6.388999999999999,Moderate
31,Female,1.08,14,7.2,0,21,7.204,Moderate
54,Female,0.75,37,2.14,200,54,7.605999999999998,Good
51,Female,4.11,14,4.21,150,38,6.5969999999999995,Moderate
28,Male,3.44,4,6.33,250,56,6.219,Moderate
58,Male,0.95,92,8.52,200,25,7.477999999999999,Moderate
20,Male,0.69,82,1.39,0,33,8.543,Good
45,Female,5.94,53,3.13,200,23,6.629,Moderate
46,Male,0.67,50,9.01,100,41,7.265,Moderate
26,Male,2.94,9,1.08,50,58,7.2940000000000005,Moderate
20,Female,3.28,11,2.81,100,55,6.973000000000001,Moderate
42,Female,1.15,117,9.63,50,53,7.877,Good
51,Female,1.43,3,6.52,200,46,6.692,Moderate
29,Female,2.43,94,3.36,150,26,7.8180000000000005,Good
59,Male,4.69,17,1.6,200,22,6.671999999999999,Moderate
26,Female,3.29,79,1.25,0,52,8.007,Good
32,Female,4.01,103,3.2,200,21,7.508,Good
57,Male,5.92,35,8.93,50,35,6.173,Moderate
42,Male,4.72,24,4.74,100,44,6.622,Moderate
22,Female,2.89,86,7.48,150,34,7.234,Moderate
28,Male,2.96,75,9.26,200,43,6.832,Moderate
51,Female,3.9,97,4.67,200,34,7.3229999999999995,Moderate
41,Female,4.16,35,2.72,100,50,7.045999999999999,Moderate
32,Male,3.25,100,5.65,150,33,7.484999999999999,Moderate
55,Male,4.05,66,9.17,250,33,6.433,Moderate
25,Female,0.63,8,8.24,200,25,6.7299999999999995,Moderate
22,Female,2.86,60,1.59,200,33,7.468999999999999,Moderate
65,Female,2.03,52,7.23,250,36,6.891,Moderate
43,Male,1.21,17,6.15,50,37,7.213,Moderate
35,Female,1.05,42,9.17,50,39,7.1930000000000005,Moderate
23,Female,3.82,34,2.1,0,36,7.366,Moderate
54,Female,3.38,62,5.81,100,35,7.163,Moderate
65,Female,1.89,118,8.92,150,59,7.609999999999999,Good
30,Female,3.09,97,4.69,200,58,7.482999999999999,Moderate
45,Male,3.21,104,5.34,200,51,7.4639999999999995,Moderate
22,Female,1.57,77,1.63,0,28,8.293,Good
30,Female,4.09,3,3.5,200,46,6.462000000000001,Moderate
34,Female,4.8,92,3.92,100,52,7.367999999999999,Moderate
67,Female,4.85,40,9.51,0,29,6.479000000000001,Moderate
57,Male,3.81,44,3.54,100,36,7.124,Moderate
62,Male,3.31,49,5.15,0,55,7.313000000000001,Moderate
49,Male,0.84,78,7.04,200,36,7.508,Good
46,Female,2.08,27,2.46,0,37,7.607999999999999,Good
68,Female,1.01,41,5.38,50,42,7.57,Good
20,Male,5.8,79,7.65,150,53,6.5649999999999995,Moderate
57,Male,1.24,75,8.8,200,27,7.2219999999999995,Moderate
51,Male,1.33,115,6.64,250,32,7.720000000000001,Good
57,Female,5.39,68,7.02,150,42,6.6,Moderate
44,Female,5.69,97,2.14,200,39,7.217999999999999,Moderate
30,Male,4.71,105,9.51,150,41,6.856999999999999,Moderate
62,Male,0.53,0,2.19,50,42,7.575,Good
50,Male,0.51,38,7.97,150,54,7.181,Moderate
23,Female,2.58,95,3.38,0,22,8.096,Good
41,Female,1.29,89,9.4,150,53,7.3919999999999995,Moderate
36,Female,0.6,16,7.48,200,52,6.8919999999999995,Moderate
33,Male,3.05,111,7.78,250,36,7.222,Moderate
57,Male,5.69,90,2.97,250,38,6.965000000000001,Moderate
45,Female,2.28,87,4.99,100,49,7.715000000000001,Good
50,Male,4.14,34,6.56,150,42,6.556,Moderate
65,Female,4.09,45,7.93,250,34,6.339,Moderate
58,Male,1.88,41,1.94,150,33,7.54,Good
30,Male,4.08,117,9.66,250,21,6.888,Moderate
60,Male,1.67,38,9.01,150,58,6.845000000000001,Moderate
62,Male,1.17,89,3.43,200,37,7.913,Good
42,Female,4.36,48,8.4,150,25,6.468000000000001,Moderate
59,Male,1.12,61,5.66,200,51,7.42,Moderate
53,Female,5.98,37,5.16,200,40,6.258,Moderate
44,Female,1.51,22,3.83,100,59,7.335,Moderate
55,Female,3.77,21,6.23,250,47,6.333,Moderate
24,Male,2.76,3,7.57,0,46,6.721000000000001,Moderate
22,Female,1.2,48,4.7,200,21,7.369999999999999,Moderate
60,Female,0.65,58,6.66,250,52,7.284,Moderate
62,Female,3.93,72,7.29,50,35,7.105,Moderate
68,Male,4.94,67,7.4,150,58,6.6419999999999995,Moderate
48,Male,5.13,70,1.47,50,41,7.4270000000000005,Moderate
40,Female,3.15,86,8.74,150,32,7.056000000000001,Moderate
59,Male,4.78,1,5.12,100,21,6.342,Moderate
27,Female,4.2,48,3.36,200,33,6.904,Moderate
49,Female,4.48,87,3.18,0,57,7.656,Good
60,Male,3.21,103,5.35,200,47,7.452999999999999,Moderate
47,Female,3.98,118,8.98,150,26,7.185999999999999,Moderate
56,Male,4.93,94,4.41,0,37,7.513,Good
48,Male,2.69,110,7.75,200,55,7.386999999999999,Moderate
35,Female,4.93,30,1.87,0,55,7.127,Moderate
53,Male,3.76,110,5.28,150,23,7.5200000000000005,Good
19,Male,1.41,39,9.93,100,49,6.914999999999999,Moderate
31,Female,0.64,47,7.93,100,43,7.348999999999999,Moderate
30,Female,2.5,50,2.89,200,39,7.311,Moderate
46,Male,3.51,42,5.51,50,50,7.067,Moderate
29,Male,5.12,97,3.1,150,43,7.336,Moderate
56,Female,1.2,54,4.69,200,26,7.430999999999999,Moderate
19,Male,4.9,87,8.02,200,45,6.688,Moderate
49,Male,5.25,48,7.94,100,32,6.436000000000001,Moderate
30,Male,1.33,89,3.05,0,27,8.319,Good
63,Male,5.18,79,9.3,150,24,6.524000000000001,Moderate
44,Male,5.95,56,6.33,0,32,6.737,Moderate
66,Male,4.5,110,4.42,250,48,7.257999999999999,Moderate
58,Male,4.82,76,5.52,250,39,6.744,Moderate
34,Female,5.97,14,6.45,150,33,6.0009999999999994,Moderate
57,Female,3.83,26,6.04,50,51,6.79,Moderate
48,Female,2.19,67,5.38,250,46,7.194,Moderate
51,Female,5.11,79,5.54,100,44,7.013999999999999,Moderate
41,Female,3.88,63,2.59,50,23,7.495,Moderate
62,Male,3.7,93,8.31,200,40,6.958999999999999,Moderate
52,Male,1.89,107,5.88,250,37,7.603999999999999,Good
65,Male,4.66,29,2.18,100,58,6.9399999999999995,Moderate
23,Male,0.95,35,7.9,200,34,6.969999999999999,Moderate
36,Female,5.58,66,9.39,50,57,6.505000000000001,Moderate
47,Male,2.29,85,9.53,150,43,7.138999999999999,Moderate
24,Male,1.2,112,4.32,200,27,8.048,Good
27,Female,2.93,85,2.22,0,47,8.042,Good
58,Male,0.73,113,5.67,150,40,8.116999999999999,Good
49,Male,4.27,113,2.01,150,35,7.7749999999999995,Good
51,Female,5.46,118,9.41,50,35,7.047,Moderate
45,Male,5.1,48,2.65,50,54,7.095000000000001,Moderate
32,Male,1.2,75,3.27,100,36,7.983,Good
47,Male,1.19,54,4.66,100,28,7.636,Good
54,Male,4.97,84,4.45,0,54,7.401,Moderate
46,Male,5.58,55,8.15,150,48,6.319,Moderate
39,Female,3.03,67,5.11,0,58,7.553,Good
21,Female,3.24,94,2.54,0,37,8.038,Good
37,Female,2.25,43,3.4,50,31,7.54,Good
49,Female,5.42,30,5.58,0,38,6.658,Moderate
53,Female,4.05,57,2.33,0,41,7.527,Good
67,Female,2.09,86,6.5,200,34,7.3919999999999995,Moderate
21,Male,2.14,117,6.09,100,20,7.932999999999999,Good
44,Female,5.4,52,7.43,100,21,6.496999999999999,Moderate
34,Female,0.57,83,9.44,150,27,7.472,Moderate
29,Male,2.27,78,9.21,100,41,7.205,Moderate
39,Male,3.55,22,9.51,250,44,6.059,Moderate
34,Female,1.32,27,3.2,150,21,7.386,Moderate
27,Male,1.01,15,2.18,200,28,7.33,Moderate
18,Female,4.98,36,3.72,100,28,6.792,Moderate
39,Male,5.42,20,9.06,200,32,5.81,Poor
43,Female,5.03,78,9.75,100,25,6.599,Moderate
35,Male,5.44,16,8.73,100,49,5.999,Poor
67,Male,3.54,113,1.99,200,34,7.822999999999999,Good
31,Female,4.97,36,9.53,0,34,6.413,Moderate
64,Female,2.61,76,4.81,0,26,7.757,Good
46,Female,4.16,18,1.08,0,30,7.24,Moderate
29,Female,5.94,29,4.98,250,59,6.103999999999999,Moderate
53,Female,1.74,44,1.41,0,57,7.9510000000000005,Good
52,Male,2.64,17,5.89,100,59,6.852999999999999,Moderate
69,Female,3.14,77,4.05,50,21,7.6370000000000005,Good
29,Female,1.26,61,5.26,200,58,7.432,Moderate
24,Male,0.95,35,6.52,50,29,7.4079999999999995,Moderate
46,Male,5.06,99,8.82,250,36,6.596,Moderate
28,Female,5.87,83,6.96,50,26,6.86,Moderate
50,Male,2.73,51,4.91,150,59,7.173,Moderate
23,Male,0.98,18,8.37,0,58,7.147,Moderate
64,Female,0.86,108,9.15,250,23,7.493,Moderate
32,Male,5.4,43,2.08,100,54,6.941999999999999,Moderate
49,Male,3.05,6,5.79,0,55,6.8709999999999996,Moderate
68,Female,2.26,43,3.56,0,50,7.622,Good
28,Female,3.12,116,1.42,50,44,8.293999999999999,Good
40,Male,2.25,67,7.02,150,32,7.218,Moderate
43,Male,3.19,33,8.76,0,37,6.816,Moderate
51,Female,5.23,65,2.47,200,40,6.957,Moderate
63,Male,3.76,68,8.31,200,20,6.696999999999999,Moderate
51,Male,4.32,54,8.68,0,55,6.808,Moderate
46,Male,2.51,9,9.23,50,27,6.565,Moderate
21,Female,4.56,95,3.39,50,40,7.599,Good
34,Male,4.17,41,9.14,100,40,6.462000000000001,Moderate
52,Male,1.16,40,3.89,250,46,7.279,Moderate
30,Female,3.65,76,5.97,250,38,6.933,Moderate
58,Male,1.91,102,1.45,250,42,7.993,Good
56,Male,4.92,68,1.39,150,54,7.257,Moderate
32,Female,2.84,9,7.48,50,59,6.674,Moderate
46,Female,5.97,9,5.0,100,24,6.196,Moderate
46,Female,1.01,101,3.31,200,27,8.077,Good
28,Female,4.79,90,2.71,250,30,7.171,Moderate
69,Male,4.21,59,7.03,200,35,6.644999999999999,Moderate
49,Male,4.72,50,1.0,200,58,7.056,Moderate
19,Female,2.19,20,8.25,0,43,6.937,Moderate
64,Female,3.21,7,1.71,150,40,6.957,Moderate
31,Male,4.88,64,2.72,100,42,7.191999999999999,Moderate
37,Female,1.78,91,4.48,150,57,7.806,Good
39,Male,1.74,112,5.36,0,27,8.236,Good
28,Female,3.53,102,4.19,100,26,7.694999999999999,Good
44,Male,3.38,77,3.89,100,21,7.505,Good
20,Female,2.05,84,9.68,50,49,7.362,Moderate
34,Female,2.14,29,6.77,150,32,6.885,Moderate
61,Male,2.03,84,1.21,150,42,8.013,Good
45,Female,4.74,48,4.87,50,48,6.945,Moderate
46,Male,4.09,8,8.88,200,57,5.974,Poor
38,Male,5.08,16,3.71,0,56,6.773,Moderate
64,Male,5.87,68,1.85,150,39,7.021,Moderate
33,Male,3.11,57,7.83,50,52,7.065,Moderate
54,Male,0.87,56,6.45,100,48,7.5409999999999995,Good
37,Female,0.76,61,6.13,250,34,7.345,Moderate
23,Female,2.13,94,1.48,50,42,8.266,Good
36,Male,5.63,51,2.26,250,22,6.6579999999999995,Moderate
22,Female,3.38,60,6.6,200,56,6.863999999999999,Moderate
20,Male,1.99,39,2.87,0,48,7.705,Good
18,Female,2.7,37,5.54,250,27,6.776,Moderate
55,Female,3.79,42,5.9,200,41,6.672,Moderate
32,Female,4.09,62,3.55,250,48,6.947,Moderate
51,Female,1.35,18,9.54,100,21,6.756,Moderate
52,Male,5.87,99,8.58,100,20,6.758,Moderate
66,Male,3.5,49,7.5,100,39,6.84,Moderate
42,Female,1.25,32,1.7,100,40,7.7,Good
41,Female,5.41,12,1.96,50,56,6.742000000000001,Moderate
29,Male,0.91,77,5.44,100,27,7.8439999999999985,Good
35,Female,5.49,119,2.45,100,46,7.646999999999999,Good
32,Male,5.98,96,9.8,50,54,6.684,Moderate
61,Male,4.35,61,2.43,100,25,7.297,Moderate
33,Male,4.74,92,5.39,200,38,7.0329999999999995,Moderate
44,Female,2.36,42,4.28,200,37,7.12,Moderate
25,Male,5.68,48,6.75,150,20,6.369000000000001,Moderate
63,Female,3.41,35,2.16,200,44,7.051999999999999,Moderate
42,Male,4.53,107,4.87,0,46,7.677,Good
34,Female,5.58,9,3.47,0,26,6.627,Moderate
46,Female,5.86,94,8.99,0,48,6.869,Moderate
25,Female,5.08,5,1.37,50,50,6.797,Moderate
32,Male,2.17,56,9.22,200,55,6.804,Moderate
44,Male,5.82,0,8.5,0,38,5.986000000000001,Poor
63,Female,3.95,70,3.68,150,25,7.242,Moderate
67,Female,5.62,57,8.1,50,44,6.536,Moderate
69,Female,4.22,90,1.28,150,50,7.628,Good
24,Male,2.19,20,9.7,200,28,6.392,Moderate
20,Male,2.54,91,5.74,100,39,7.628,Good
